id,nombre
1,Szilard Onillon
2,Jamaica Ashpole
3,Norik Climpson
4,Virginica Sparshott
5,Shawnna Radnall
6,Fulgencio Mullett
7,Nevenka Stewert
8,Adelmo Milson
9,Crystal Rowson
10,Nathanial Windley
11,Anouar Cock
12,Ervin Hartwright
13,Martires Dingle
14,Yiying Terow
15,Jalisa Dwyer
16,Rafa Theophilus
17,Dame Biggin
18,Haidee Pares
19,Nector Rundle
20,Alvydas Micklewright
21,Keith Huckel
22,Tyisha Kearvell
23,Klaus Pillinger
24,Shirly Ferns
25,Matilde McDowall
26,Cuiying Horracks
27,Chau Reiley
28,Leyla Levett
29,Sidiki Hewday
30,Josimar Trewartha
31,Oumy Plester
32,Mariano Faux
33,Lofti Ashbrood
34,Amberly Hitchings
35,Rosina OMaley
36,Monsif Groundwater
37,Kermit Winkley
38,Arvilla Gorse
39,Jonhatan Clover
40,Loreta Copple
41,Genie Ewbank
42,Grettel Keight
43,Pino Gailey
44,Xuehong Howey
45,Nati Holgate
46,Betina Biltcliffe
47,Zambra Wittleton
48,Puiu Hagen
49,Vladislav Hesket
50,Moner Fernee
51,Guiayara Doyle
52,Ghulam Dadswell
53,Laurea Mullet
54,Editha Pugh
55,Murat Dunckley
56,Genara Rodley
57,Bilaly Baugh
58,Abdessamad Pendrey
59,Shujing Orton
60,Fidencia Summerson
61,Johanny Flemming
62,Fekri Key
63,Fatemeh Downton
64,Jazael Nickols
65,Joannie Bolderson
66,Shaomei Lowen
67,Airong Hilbert
68,Norris Corling
69,Pedrona Farigerty
70,Ipar Moriarthy
71,Estelle Brewer
72,Lucindo Batt
73,Raymundo Worswick
74,Ievgeniia Busill
75,Stanko McGeorge
76,Petrica Halksworth
77,Ryad Lay
78,Caroll Markillio
79,Frans Minney
80,Lukman Hyton
81,Martyna Perfect
82,Cathey Nellis
83,Bernd Burbery
84,Malen Boult
85,Marquita Alfrey
86,Margareta Vinicombe
87,Raheela Denney
88,Janean Joslyen
89,Mervin Bezzant
90,Yanjun Daxon
91,Soukeina Whitlaw
92,Blasida Covel
93,Suling Skerratt
94,Manju Thomas
95,Takako Lowes
96,Aijun Eldridge
97,Mustansar Connelley
98,Ysidro Tomkis
99,Wenli Adkinson
100,Safeer MacDougall
101,Itzal Forty
102,Aleksej Twyford
103,Faride Ennor
104,Lida Dockrill
105,Maryury Beach
106,Arafat Ascroft
107,Dalibor Middleditch
108,Voicu Bewsher
109,Abderrezak Rawdens
110,Pandava Manwaring
111,Pieter Nuttycombe
112,Terica Bossom
113,Yeison Corkhill
114,Daren Olliman
115,Yandira Hodsall
116,Khadidjetou Rex
117,Marouan Fall
118,Sobeida Mill
119,Enekoitz Waudby
120,Libbie Evison
121,Henrietta Tingley
122,Shawna Gomm
123,Celestina Patten
124,Asya Beirne
125,Tejinder Denmead
126,Jianxiong Gambier
127,Mounya Slaytor
128,Abdelkhalek Handy
129,Ozell Ransom
130,Mauricio Openshaw
131,Stein Hardisty
132,Yolande Temperton
133,Myrian Jenkyns
134,Lidan Caple
135,Nena Windass
136,Alexi Janes
137,Alaina Henbest
138,Adelto Shoesmith
139,Romualdo Wovencraft
140,Lirong Terry
141,Heraclides Mallett
142,Quilen Magnall
143,Vikas Angell
144,Boubaker Grinrod
145,Drina Rixen
146,Ambrosio Trudgian
147,Soraida Atkin
148,Moacir Widdicombe
149,Eustaquia Keye
150,Viacheslav Dunken
151,Macario Hatherton
152,Bhaga Grimston
153,Randy Sibson
154,Carletta Mackesfield
155,Queralt Walkear
156,Porsha Pendal
157,Yugo Dentery
158,Vito Wigglesworth
159,Yave Dakers
160,Idelfonsa Kerley
161,Mamadi Winpenny
162,Ineso Labourn
163,Dulcelina Ide
164,Idell Downing
165,Danel Speechley
166,Gracia Skewis
167,Aizhen Naphthen
168,Salwa Pullen
169,Abdramane Bolson
170,Jesse Bethell
171,Loic Aufield
172,Clair Bundock
173,Ramadan Barnes
174,Emre Roney
175,Geovanna Skikelthorpe
176,Macrina Sandison
177,Prudence Olliman
178,Prosper Massam
179,Guayasen Setterfield
180,Lucinia Gorse
181,Pandu Barnet
182,Radita Bowlin
183,Medarda Caley
184,Kimiko Wharton
185,Achour Trowbridge
186,Cathleen Conlin
187,Jinli Nussey
188,Jurate Noblett
189,Almira Patton
190,Anabell Doubt
191,Berit Sircombe
192,Yufen Eckels
193,Itoitz Abdalraman
194,Sabira Bullivant
195,Ouiza Sorge
196,Dong Boot
197,Brandon Farwell
198,Blossom Michel
199,Venita Winders
200,Trifonia Whittemore
201,Nikoloz Brown
202,Krassimira Akenhead
203,Winford Dummett
204,Nohemy Jonathan
205,Tolentina Lightfoot
206,Mamun Claydon
207,Narciso Kimmins
208,Shanita Treadwell
209,Julius Wapplington
210,Billel Durdy
211,Verlie Blackshaw
212,Olguta Cubitt
213,Fettoum Watchorn
214,Ouafaa Hick
215,Anghel Woody
216,Hanan Hunking
217,Egiarte Pierson
218,Deb Griggs
219,Xiangmei Donnolly
220,Egidijus Beels
221,Zenobio Spesier
222,Houriya Poutney
223,Isoken Bennet
224,Chun Grey
225,Romain Thorp
226,Suyun Pellin
227,Waled Neblick
228,Tanesha Moulden
229,Aparicio Dewsnap
230,Manja Brentnall
231,Eleazar Furnish
232,Artemio Galston
233,Wladimiro Cotter
234,Katalin Woolterton
235,Tressa Meloy
236,Majid Leedale
237,Laie Clee
238,Erick Kennard
239,Raimundo Groundale
240,Ghada Camerone
241,Cañosanto Chatwin
242,Chima Boylan
243,Isela Trollope
244,Zamfir Fuell
245,Buba Drennan
246,Loriann Bigland
247,Lluc Bromel
248,Anthonia Barnstien
249,Beneamin Berkly
250,Abdelmaoula Meadow
251,Luzdivino Nichols
252,Shera Melish
253,Yingmei Wincott
254,Liceth Fitt
255,Melodee Tolley
256,Alassane Payton
257,Rosaria Penfold
258,Carme Spaven
259,Valeska Thirlwell
260,Nazira Salvi
261,Jamila Burnell
262,Millan Broomham
263,Ayan Cairns
264,Rafiq Nowlen
265,Guihua Avent
266,Amparito Brammer
267,Avigail Haw
268,Severino Luke
269,Odeta Jeffreyes
270,Leopoldina Dawton
271,Diawara Kerr
272,Pauna Wear
273,Sinforosa Boyes
274,Artur Deyns
275,Nika Greenham
276,Belaid Wilder
277,Lele Cotterill
278,Latonya Cunliffe
279,Harm Clinch
280,Waldo Thompson
281,Jordana Scruse
282,Wioleta Siddell
283,Kizkitza Mayfield
284,Pervaiz Liversige
285,Dan Jefferies
286,Rimma Gainford
287,Annette Linney
288,Crescenciana George
289,Geertruida Smee
290,Abdelkabir Egerton
291,Jurgen Napier
292,Viva Corkhill
293,Huey Branthwaite
294,Donvina Howarth
295,Nasiha Radcliffe
296,Amale Danson
297,Slavomir Loweth
298,Martirian Farmery
299,Veaceslav Morecroft
300,Pam Grey
301,Prakash Cavins
302,Luiz Cobby
303,Antia Lund
304,Monte Newnes
305,Artesino Bower
306,Confesor Gillgrass
307,Joaquima Woodbridge
308,Jekaterina Pask
309,Badredin Berkly
310,Elissa Ithell
311,Roso Sharples
312,Hayat Selley
313,Chantell Keighley
314,Boutaina Damafin
315,Shujing Reney
316,Ferrer Marples
317,Junia Baldrans
318,Virginijus Bailey
319,Rokhaya Boney
320,Otha Cleet
321,Valdecir Offord
322,Hermosinda Lindop
323,Riad Bowden
324,Jenniffer Huckings
325,Aniol Wearing
326,Aitxiber Abray
327,Iray Danson
328,Krisztina Woollard
329,Jinying Delaforce
330,Nadir Watchman
331,Rudolf Florendine
332,Eladino Sarge
333,Harun Liddle
334,Wentao Goulder
335,Ludibia Pendrey
336,Bobbye Balchin
337,Traute Carpenter
338,Olayo Pippin
339,Jenifer Paver
340,Evangeline Herdman
341,Himad Spracklan
342,Mittie Umbers
343,Laxmi Ashmole
344,Llara Leaker
345,Teisha Bonython
346,Sonia Threadkill
347,Gelasio Lancashire
348,Yongfeng Newbery
349,Deidra Askham
350,Yimmy Coatman
351,Manisha Egerton
352,Ciaran Nieass
353,Eydan Harrap
354,Kanchan Hobson
355,Deetta Brewster
356,Rongsheng Hiscocks
357,Tamaz Crankshaw
358,Hassan MackDonald
359,Mehdia Jeffreys
360,Danail Haylock
361,Kim Jermy
362,Alegra Kynaston
363,Fundador Peak
364,Parascovia Egcumbe
365,Angelberto Bawden
366,Blanca World
367,Nadra Comber
368,Iruña Hyne
369,Cassio Buckham
370,Kiana Twigg
371,Catheryn Climenson
372,Izai Diggle
373,Yoana Scanes
374,Marylene Callicott
375,Guomin Lynham
376,Ta Broadfield
377,Bonifacio Lawday
378,Yolando Hutchings
379,Awais Mortimer
380,Tamila Treglown
381,Suhail Holt
382,Pavel Hutt
383,Auicha Thursfield
384,Mikkel Kirsopp
385,Villaviciosa Abbis
386,Elihu Kidgell
387,Almiro Townend
388,Legarda Northway
389,Milagros Blewett
390,Hesham Dutton
391,Ralf Golding
392,Yanhua Leeves
393,Cyrille Duffy
394,Yolonda Anstead
395,Abdelkhalek Perry
396,Micheline Dancey
397,Yongjie Handly
398,Letisha Horracks
399,Ludivine Morgan
400,Aime Bramham
401,Zuleica Lewsky
402,Messoud Wickens
403,Hinda Hender
404,Jonelle Gigney
405,Gerlinde Joslin
406,Mirjam Gatley
407,Raissa Baskerville
408,Haiou Pudsey
409,Viviane Worledge
410,Andere Cockett
411,Vinod Aconley
412,Salete Barry
413,Inca Fildes
414,Chunling Timmis
415,Lauro William
416,Elenore Bromiley
417,Aragones Hindle
418,Polonio Geddis
419,Eufemia Saxton
420,Maryann Bricker
421,Ascencion Yard
422,Zurine Denyer
423,Abdourahmane Such
424,Garnik Lichfield
425,Eduard Messer
426,Eustoquio Diver
427,Pool Mullard
428,Isamael Carylon
429,Emperatriz Tillford
430,Gervasia Sawtell
431,Macie Goble
432,Reidar Pattin
433,Ramiz Hampton
434,Mellissa Totty
435,Lorrie Ivy
436,Ahmad Medley
437,Biagio Oldknow
438,Windy Yardley
439,Zviadi Joule
440,Idy Cruwys
441,Nathaniel Leveredge
442,Jaymie Willmer
443,Garland Pizey
444,Yufei Sugars
445,Janee Dunbill
446,Fatima Thrupp
447,Shah Faircloth
448,Rachal Lightowler
449,Kostadinka Huxley
450,Janny Abdalraman
451,Alisha Ollis
452,Ahitana Horsfield
453,Milcho Myatt
454,Faina Whittemore
455,Blythe Warmington
456,Season Callaghan
457,Pauna Fancutt
458,Cilene Breitenstein
459,Meryam Gunn
460,Hazel Haylock
461,Beckie Woodthorpe
462,Alberte Brinkworth
463,Rochelle Rucastle
464,Yamil Bannin
465,Nezar Ivison
466,Haiguang Seary
467,Hanifa Holburn
468,Shuangyan Gadsby
469,Bhima Northena
470,Johna Chrishop
471,Husein Haddock
472,Sorangel Badder
473,Florentino Morry
474,Evelio Fake
475,Ottavio Bawn
476,Abdourahamane Stoakes
477,Ayala Worroll
478,Ashli Morton
479,Sidy Corby
480,Atsegiñe Grenet
481,Lingjun Parkhouse
482,Fania Gown
483,Georgann Plumbley
484,Aizhen Bavage
485,Gail Daykin
486,Barbera Branch
487,Hector Keyte
488,Nadifa Hortop
489,Marianna McEvry
490,Brunella Hingod
491,Haroldo Stopps
492,Sohel Donner
493,Latviešu Boocock
494,Youssif McGovan
495,Husein Gannon
496,Bennaceur Coogan
497,Tomasz Draffen
498,Tudorel Dowse
499,Inam Beanland
500,Gersom Emberton
501,Hrachya Westmacott
502,Teresa Druggan
503,Alisea Pickrell
504,Kestutis Ridgeon
505,Daniele Bretton
506,Hilaria Wath
507,Encarnacio Ayres
508,Guizlane Tonking
509,Clemmie Lindridge
510,Carminda Hazel
511,Renata Gerarty
512,Marise Plum
513,Sirley Dyar
514,Isidre Quarry
515,Kiesha Battams
516,Bahia Brougham
517,Joseba Whitefield
518,Morelia Wyon
519,Edson Hosking
520,Diamela Minson
521,Yer Kenworthy
522,Tara Vanderkisle
523,Monique Keet
524,Simeona Rickaby
525,Neiba Messum
526,Kizzy Timothy
527,Sumiko Foreman
528,Marika Chinery
529,Candyce Chrishop
530,Abdeljaouad Hinchcliffe
531,Jayne Moah
532,Beatris Udall
533,Lazara Foules
534,Jonah Beadling
535,Domiciana Moir
536,Roksana Trathan
537,Dipa Eccles
538,Catherina Metcalf
539,Lannie Cillinsona
540,Rogelia Laycock
541,Iulius Bulter
542,Sani Weakham
543,Jenara Bamford
544,Gherghina Hepplewhite
545,Iulica Elmer
546,Celso Bardell
547,Eddy Faris
548,Rongjun Escoline
549,Laura Allies
550,Xiangyu McLay
551,Leslee Warmington
552,Momodou Spier
553,Min Kesteven
554,Martha Raikes
555,Abdelkamel Stockman
556,Khachatur Mirfield
557,Leisy Silby
558,Jianping Cumberbatch
559,Cleiton Sargison
560,Liboria Ironmonger
561,Chaker Hall
562,Giulio Willington
563,Yenny Brien
564,Delores Cooknell
565,Saba Daxon
566,Hossnia Tollaway
567,Roselina McDowall
568,Danylo Brockwell
569,Soterraña Bosanko
570,Lah Udall
571,X Stanton
572,Abelardo Holme
573,Dame Gibbard
574,Wahida Flaherty
575,Racquel Seaward
576,Tawny Cleveland
577,Michale Rule
578,Snezha Gallafent
579,Maggie Nield
580,Detelin Harvie
581,Claris Lambrick
582,Eleodoro Backhouse
583,Ilse Belles
584,Olallo Pharaoh
585,Nafissatou Poles
586,Junfen Colesworthy
587,Azman Gwyon
588,Elroy Malarney
589,Mandeep Pullin
590,Sen Robinson
591,Misericordia Bonnington
592,Liwei Marriot
593,Izar Paradine
594,Romano Christy
595,Mirelys Seccombe
596,Marieke Troughton
597,Rosia Spragg
598,Samar Warrell
599,Mehak Pawsey
600,Azeddin Youens
601,Odila Stigwood
602,Xiuyu Dupny
603,Zaka Swindell
604,Aniria Patching
605,Ubalda Gerrish
606,Moreyba Geard
607,Luciano Gunton
608,Daniil Hopekirk
609,Alhaji Ellett
610,Yiwei Mortiboys
611,Eustasia Fidler
612,Ihar Geden
613,Vardan Wademan
614,Binta Dimmock
615,Nehad Waites
616,Yimmy Kennard
617,Tajuana Birket
618,Auxibio Armitage
619,Kattie Thackeray
620,Donn Hoyles
621,Raleigh Appleyard
622,Marzok Spear
623,Binod Hicks
624,Parmenia Mackley
625,Luciene Coddick
626,Chadia Langstaff
627,Keneth Whyler
628,Plamena Forsey
629,Marc Groutage
630,Jacob Payn
631,Nazakat Squirrell
632,Le Etherton
633,Nenita Daffaion
634,Ludivina Solway
635,Eunate Turk
636,Lincoln Meakel
637,Sinforiana Cleetes
638,Hammou Glue
639,Victoriya Beckley
640,Acerina Brightland
641,Iakov Flinch
642,Pattie Dzuibka
643,Jabir Beldam
644,Piroska Jory
645,Santusa Marsingall
646,Soulimane Elger
647,Latina Neary
648,Mariasun Shewing
649,Marsha Bodin
650,Joelma Wyborn
651,Tasleem McGhie
652,Carmine Gateley
653,Siobhan Malyon
654,Kasandra Rodd
655,Dionicia Tindale
656,Lakisha Stirk
657,Krish Scantlebury
658,Texeneri Banett
659,Teodulo Sommers
660,Ismael Hansom
661,Liangjun Bland
662,Bahri Doran
663,Reena Glue
664,Leann Fowraker
665,Alonso Glenton
666,Eloino Friclot
667,Lanell Downes
668,Neville Renell
669,Latasha Sheridan
670,Parwinder Elenor
671,Chafika Jarmain
672,Atiqa Niblett
673,Burkhard Hatton
674,Gordana Norcliffe
675,Gianluigi Bunyan
676,Perez Boyden
677,Ashlee Holland
678,Tifani Spurr
679,Sherman Sparham
680,Tanzila Denby
681,Kirsti Wapshatt
682,Adjona Walsham
683,Fayssal Parrock
684,Raian Horner
685,Nouh Whitham
686,Ludivina Travers
687,Sevastita Nix
688,Nyuma Shuker
689,Dmitrij Westlake
690,Breixo Toogood
691,Clorinda Strowden
692,Madonna Jessel
693,Wafaa Tann
694,Makhlouf Bevans
695,Kelly Ackroyd
696,Aniello Sanford
697,Shonda Ogle
698,Bulah Bowley
699,Liena Blewitt
700,Cheng Marfleet
701,Ineta Bodinnah
702,Fiza Porter
703,Janeta Michelthwaite
704,Christinia Bourner
705,Annemieke Fitz Morris
706,Siham Harding
707,Jacquelynn Field
708,Fazal Goodfellow
709,Crispin Guley
710,Dessiree Ibson
711,Wafae McClelland
712,Isam Wovencraft
713,Abderrahime Griffris
714,Brinda Bannings
715,Alharilla Winsper
716,Narda Welman
717,Venecia Whittleton
718,Ancor Binning
719,Jarred Sievers
720,Teodoro Hugh
721,Argia Housman
722,Elham Cookman
723,Sanpedro Horbury
724,Nohora Hopgood
725,Lukasz Fields
726,Kristyn Broomfield
727,Peace Kidgell
728,Lidya Verey
729,Aria Jenkyns
730,Ahsan Verrill
731,Son Lythgoe
732,Lindaura Gellard
733,Zenon Carne
734,Fares Taunton
735,Tatsiana Wardroper
736,Vahan Watchorn
737,Cathie Newcombe
738,Nain Maskery
739,Shanelle Parfit
740,Elinore Pooley
741,Charleen Tabraham
742,Larita Bulstrode
743,Ludwing Tudor
744,Boulus Town
745,Sohel Ranger
746,Nell Cornwall
747,Miledys Newbanks
748,Bustar Scrimshire
749,Nassima Nowland
750,Roselyn Clayburn
751,Heli Waddingham
752,Elica Coales
753,Vaitiare Fawcitt
754,Naouel Riland
755,Jasmine Pleasance
756,Adjona Prindalde
757,Victoire Spanton
758,Dmitrij Shanan
759,Denys Walford
760,Plamena Plunkett
761,Aiying Stoops
762,Carmelina Cloke
763,Lindsy Crafter
764,Tomeu Grooms
765,Kamilah Cronin
766,Fredrik Teniswood
767,Tinixara Fairs
768,Farners Reeman
769,Rima Roughton
770,Abdou Gravells
771,Nicanor Melbourn
772,Firas Whittinbury
773,Florenti Reid
774,Falgas Winder
775,Brandon Sarda
776,Marilenny Gaylard
777,Yuko Rycraft
778,Nareme Fitz Morris
779,Lamiaa Fawthrop
780,Petras Cattons
781,Tonja Aitchison
782,Sharen Pickworth
783,Assitan Gabelle
784,Oumy Rock
785,Firdaouss Manton
786,Bocar Wakefield
787,Julieta Bushnell
788,Queen Tame
789,Hassan Hatcher
790,Alicja Hocroft
791,Ever Tetlow
792,Deogracias Code
793,Hedwig Hadcroft
794,Clarine Winch
795,Lesmes Wilson
796,Dida Westall
797,Justiniano Willies
798,Augustin Kievell
799,Arismendy Bouffler
800,Geovanna Earle
801,Erola Scarratt
802,Seloua Eastwick
803,Nimra Buzzard
804,Quan Bullen
805,Lilya Koetzow
806,Gospodin Moats
807,Balvir Pledger
808,Yolima Ireland
809,Sameer Allbrighton
810,Wanita Penning
811,Raja Rylance
812,Ashely Diggle
813,Xiaoming Crackle
814,Kraig Barrons
815,Bittor McColam
816,Ipar Kennon
817,Efe Looker
818,Paata McEvoy
819,Gro Heapy
820,Essaddik McGraiel
821,Patrica Spikins
822,Sharmila Fletcher
823,Inocencio Sprintall
824,Blaise Hollands
825,Hella Selmes
826,Rosineide Vitler
827,Veremundo Camfield
828,Suzanna Hayward
829,Sobeida Dodding
830,Coralio Santhouse
831,Jarvis Trobridge
832,Ubay Cornish
833,Doraliza Gentles
834,Na Rootkin
835,Asensia Skipper
836,Chahd Thornes
837,Larysa Grainge
838,Cathern Barris
839,Varsha Edds
840,Arseli Rosser
841,Thania Gaze
842,Guisela Cowdel
843,Albeiro Joiner
844,Faycal Crowsley
845,Nancey Whiting
846,Anisha Norbury
847,Malam Reilly
848,Acher Warmington
849,Arrate Rofea
850,Gilbert Silliter
851,Amaro Frutherby
852,Rukhsana Kilby
853,Elder Couldrick
854,Tihomir Jelf
855,Manssour Macanara
856,Marisabel Pretty
857,Gerhard Samuell
858,Adei Pavier
859,Irimia Scarlett
860,Maftei Hapden
861,Darnell Thorp
862,Isilda Crafts
863,Abderrazzaq Philipps
864,Laurynas Spreckley
865,Shaiel Pulleyn
866,Zaharie Penlington
867,Regino Whettam
868,Liqin Hook
869,Nour Dalley
870,Aiora Travis
871,Randolph Mellshimer
872,Ellande Ord
873,Aima Wigelsworth
874,Sun Sloman
875,Amit Branklera
876,Nezar Muffatt
877,Isusko Tapley
878,Mark Stapleton
879,Satnam Richmond
880,Firuta Hawker
881,Olegs Hows
882,Kontxi Keeler
883,Santosh Allitt
884,Janene Christopher
885,Erkan Bottomley
886,Almike Finarty
887,Izana Cheal
888,Nery Bott
889,Tabitha Surry
890,Xiaowen Osborne
891,Roxanne Pryer
892,Daiana Boulting
893,Bunny Allanson
894,Sinda Charman
895,Abdelali Siveter
896,Dunixe Darvell
897,Bradly Pharaoh
898,Tarsem Sandal
899,Oton Callagan
900,Saloua Lingley
901,Aixiang Murley
902,Marty Muse
903,Dimitry Crouchman
904,Elinore Callagan
905,Harland Bellis
906,Yunia Lancett
907,Bartomeu Haines
908,Yuehua Stormer
909,Karon Summerson
910,Francisc Malbourn
911,Anatole Hawkeswood
912,Ur Simpson
913,Yanine Blason
914,Lucimar Drinkwater
915,Dorethea Drawwater
916,Antione Savoury
917,Buenaventu Burgin
918,Jinyan Lammiman
919,Gori Ellicott
920,Ivanova Wooldridge
921,Crissy Hemming
922,Hamma Brinkman
923,Hachmia Paley
924,Weizhong Rudland
925,Elisandra Lanigan
926,Altha Spong
927,Bess Springett
928,Yenedey Treen
929,Shea Peplow
930,Hermelando Hubbuck
931,Melinda Ratsey
932,Esteban Skelton
933,Yangyang Dimmey
934,Kendall Kellitt
935,Cremencio McManniss
936,Lucica Seaborne
937,Raffaela Whelan
938,Ricardas Brammall
939,Patrizia Folkard
940,Zaki Teesdale
941,Berenguela Conyers
942,Eghosa Dilling
943,Bobo Rattley
944,Veronique Anstead
945,Erico Mallet
946,Levon Voss
947,Marc Pile
948,Nebil Hilbert
949,Elnora McCollough
950,Everton Gilbart
951,Perfecto Fidler
952,Arame Bayfield
953,Angustias Bowkell
954,Codrut Towle
955,Amjid Pear
956,Eugeniusz Cussall
957,Etxahun Ulyatt
958,Dalva Cottingham
959,Mimoun Karslake
960,Sanjuanita Head
961,Chen Woodward
962,Shandi Moses
963,Begonia Illman
964,Ellsworth Gooderson
965,Soumiya Kendrick
966,Tonet Light
967,Anghelina Wainman
968,Cosmina Gotter
969,Amandine Knightley
970,Mactar Stead
971,Kawthar Shaw
972,Pablino Torkington
973,Zorka Bruford
974,Ryann Fazackerley
975,Pablino Twiddy
976,Lin Peddle
977,Bochra Macmahon
978,Slobodan Wolfenden
979,Glen Chrishop
980,Marena Scale
981,Immacolata Plunket
982,Willard Poll
983,Wenwei Lloyd
984,Agurtxane Cooksley
985,Caiqin Whiston
986,Davi Dorant
987,Amani Waymark
988,Chunfen Hartop
989,Djenebou Boldinson
990,Odei McErlane
991,Adena Cartisser
992,Reshma Oboe
993,Margareth Olerenshaw
994,Yaagoub Bevell
995,Inti Claudy
996,Fattouma Lockington
997,Nelly Featherston
998,Leonhard Gledall
999,Tudorita Ingleman
