"SolarEdge Technologies, Inc.",Gemma Betolaza
"SolarEdge Technologies, Inc.",Marta Paunero
"Azul S.A.",Raul Ortiz
"Azul S.A.",Elena Tricio
"Azul S.A.",Rosario Pisabarro
"Azul S.A.",Cristobal Parra
"Franke",Ahmed Bernal
"Franke",Amelia Nodal
"Franke",Ibon Salguero
"AdvisorShares Market Adaptive Unconstrained Income ETF",Luis Angel Mata
"AdvisorShares Market Adaptive Unconstrained Income ETF",Alba Maria Rodellar
"AdvisorShares Market Adaptive Unconstrained Income ETF",Eleuterio Gordillo
"AdvisorShares Market Adaptive Unconstrained Income ETF",Luisa Jaramago
"AdvisorShares Market Adaptive Unconstrained Income ETF",Placido Mejias
"Kilroy Realty Corporation",Victoriano Salazar
"Kilroy Realty Corporation",Aicha Mecinas
"Kilroy Realty Corporation",Amina Coego
"Kilroy Realty Corporation",Carmelo Macias
"Anheuser-Busch Inbev SA",Pedro Jose Luque
"Anheuser-Busch Inbev SA",Ana Belen El Hayani
"Anheuser-Busch Inbev SA",Adrian Rubio
"Anheuser-Busch Inbev SA",Khadija Contijoch
"Anheuser-Busch Inbev SA",Luis Antonio Escribano
"Clifton Bancorp Inc.",Maria Guadalupe Hammouch
"Clifton Bancorp Inc.",Pascual Guerra
"Clifton Bancorp Inc.",Saturnina De Frias
"Clifton Bancorp Inc.",Pedro Jose Luque
"San Gerónimo",Norberto Galvan
"San Gerónimo",Gonzalo Nieto
"San Gerónimo",Maria Purificacion Bures
"San Gerónimo",Abel Mendoza
"Elenita",Narciso Ballester
"Elenita",Magdalena Chahlal
"Elenita",Petra Aomar
"Elenita",Jairo Villa
"Catamutún",Jacinto Bermudez
"Catamutún",Lorenza Lizundia
"Catamutún",Juan Dios Clemente
"United States Cellular Corporation",Ali Linares
"United States Cellular Corporation",Juan Bautista Paredes
"United States Cellular Corporation",Maria Blanca Tarrats
"United States Cellular Corporation",Hamid Sole
"San José",Maria Jesus Amezua
"San José",Luis Francisco Carvajal
"San José",Jesus Martin
"Isla Guarello",Placido Mejias
"Isla Guarello",Francisco Miguel Castellano
"Isla Guarello",Maria Juana Mallor
"Isla Guarello",Nestor Da Silva
"Las Arenitas",Lucas Rey
"Las Arenitas",Maria Josefa Justes
"Las Arenitas",Arturo Izquierdo
"Las Arenitas",Jessica Reinado
"Las Arenitas",Josue Marques
"Park-Ohio Holdings Corp.",Pere Quintana
"Park-Ohio Holdings Corp.",Benedicta Gil Ortega
"Park-Ohio Holdings Corp.",Lucio Cabezas
"Park-Ohio Holdings Corp.",Maximiliano Amaya
"The Community Financial Corporation",Izan Juan
"The Community Financial Corporation",Elvira Veredas
"National American University Holdings, Inc.",Juan Jose Blanco
"National American University Holdings, Inc.",Rosa Rosino
"National American University Holdings, Inc.",Alex Espinosa
"National American University Holdings, Inc.",Jenifer Valmaña
"National American University Holdings, Inc.",Guillermo Campos
"Garrison Capital Inc.",Mauricio Coll
"Garrison Capital Inc.",Maria Alicia Matache
"Garrison Capital Inc.",Rosendo Duque
"Garrison Capital Inc.",Maria Mercedes Mahedero
"Array BioPharma Inc.",Augusto Tena
"Array BioPharma Inc.",Florencia Corchon
"Array BioPharma Inc.",Maria Purificacion Bures
"Array BioPharma Inc.",Robert Juarez
"Unisys Corporation",Izan Juan
"Unisys Corporation",Maria Cruz Miteva
"Unisys Corporation",Juan Pedro Robles
"Unisys Corporation",Beatriz Escarra
"Unisys Corporation",Jose Javier Silva
"PureFunds ETFx HealthTech ETF",Stefan Bello
"PureFunds ETFx HealthTech ETF",Benita Fontanillo
"PureFunds ETFx HealthTech ETF",Maria Sonia Ferguson
"Dynex Capital, Inc.",Jose Rafael Sainz
"Dynex Capital, Inc.",Valentin Rivas
"Walter Investment Management Corp.",Maria Magdalena Tayebi
"Walter Investment Management Corp.",Jose Eduardo Piñero
"Walter Investment Management Corp.",Helena Gabirondo
"Walter Investment Management Corp.",Marcelino Miranda
"Avon Products, Inc.",Juan Manuel Garrido
"Avon Products, Inc.",Jorge Gil
"Clear Channel Outdoor Holdings, Inc.",Juan Pedro Robles
"Clear Channel Outdoor Holdings, Inc.",Amaya Liriano
"Clear Channel Outdoor Holdings, Inc.",Belen Gosende
"Clear Channel Outdoor Holdings, Inc.",Roberto Carlos Pino
"EQT Corporation",Alex Espinosa
"EQT Corporation",Irina Noain
"EQT Corporation",Abelardo Araujo
"EQT Corporation",Felisa Singla
"EQT Corporation",Ramon Suarez
"SQM - Mapocho",Eloy Aparicio
"SQM - Mapocho",Maria Jesus Amezua
"SQM - Mapocho",Pelayo Pazos
"SQM - Mapocho",Edurne Pica
"SQM - Mapocho",Mariano Pascual
"Las Cenizas",Jose Alberto Estevez
"Las Cenizas",Maria Dolors Rina
"Las Cenizas",Alexandre Aragon
"Las Cenizas",Maria Rosa Montala
"Las Cenizas",Cesar Arias
"Sportsman's Warehouse Holdings, Inc.",Isidora Fabero
"Sportsman's Warehouse Holdings, Inc.",Luis Miguel Saez
"Sportsman's Warehouse Holdings, Inc.",Maria Almudena Anderez
"Sportsman's Warehouse Holdings, Inc.",Arturo Izquierdo
"Xenia Hotels & Resorts, Inc.",Juan Jose Blanco
"Xenia Hotels & Resorts, Inc.",Augusto Tena
"Xenia Hotels & Resorts, Inc.",Consolacion Recouso
"Xenia Hotels & Resorts, Inc.",Fidel Puig
"Lions Gate Entertainment Corporation",Angel Luis Trujillo
"Lions Gate Entertainment Corporation",Natividad Carabaño
"Lions Gate Entertainment Corporation",Emilio Leon
"Lions Gate Entertainment Corporation",Angustias Lavara
"Lions Gate Entertainment Corporation",Juan Manuel Garrido
"Inacesa - El Jilguero",Maria Laura Reula
"Inacesa - El Jilguero",Luis Fernando Ballesteros
"Inacesa - El Jilguero",Pedro Antonio Miguel
"Don Alberto",Michael Belmonte
"Don Alberto",Raquel Cavadas
"Don Alberto",German Camacho
"Don Alberto",Maria Amparo Anguix
"Don Alberto",Bernardo Vila
"Michilla",Luis Eduardo Hervas
"Michilla",Rosalia Izal
"Michilla",Alex Espinosa
"Michilla",Joana Ganzo
"Marine Petroleum Trust",Maria Antonia Niculescu
"Marine Petroleum Trust",Jose Jesus Chaves
"Marine Petroleum Trust",Elsa Puges
"Marine Petroleum Trust",Arnau Cuesta
"Tuina",Andreu Domenech
"Tuina",Silvia Dobrev
"Tuina",Andoni Lago
"Tuina",Carlos Antonio Salcedo
"Intracampos",Candida Schulze
"Intracampos",Hector Soto
"Intracampos",Maria Cinta Akhrif
"Westpac Banking Corporation",Jose Alberto Estevez
"Westpac Banking Corporation",Maximino Segovia
"Westpac Banking Corporation",Georgina Casatejada
"Westpac Banking Corporation",Jesus Antonio Herranz
"Silicon Laboratories, Inc.",Joseba Palma
"Silicon Laboratories, Inc.",Maria Soledad Maresma
"Silicon Laboratories, Inc.",Federico Bueno
"Silicon Laboratories, Inc.",Patricia Baumann
"Silicon Laboratories, Inc.",Enric Collado
"E*TRADE Financial Corporation",Erik Zapata
"E*TRADE Financial Corporation",Luciano Galindo
"E*TRADE Financial Corporation",Carlota Dobra
"E*TRADE Financial Corporation",Juan Gabriel Ferrero
"Toll Brothers Inc.",Enrique Molina
"Toll Brothers Inc.",Jose Tomas Bonet
"Toll Brothers Inc.",Maria Angela Miraz
"Toll Brothers Inc.",Jaime Guerrero
"CMP - Boquerón Chañar",Isaias Olmo
"CMP - Boquerón Chañar",Irina Noain
"Peckett",Cristian Hidalgo
"Peckett",Paulino Amador
"Peckett",Maria Julia Mariñelarena
"SL Green Realty Corporation",Mario Gallego
"SL Green Realty Corporation",Micaela Eriksson
"SL Green Realty Corporation",Dario Santamaria
"SL Green Realty Corporation",Gema Gallent
"SL Green Realty Corporation",Juan Pedro Robles
"Chunghwa Telecom Co., Ltd.",Ayoub Moyano
"Chunghwa Telecom Co., Ltd.",Norberto Galvan
"Forterra, Inc.",Abraham Alba
"Forterra, Inc.",Rita Quilumba
"Forterra, Inc.",Hassan Ferreira
"Forterra, Inc.",Maria Eugenia Corado
"Refugio",Juan Ignacio Simon
"Refugio",Myriam Lires
"Refugio",Ricard Castilla
"Refugio",Martina Castañar
"China Lodging Group, Limited",Salud Mollo
"China Lodging Group, Limited",Alex Espinosa
"China Lodging Group, Limited",Maximino Segovia
"International Seaways, Inc.",Antonio Manuel Mateo
"International Seaways, Inc.",Josefina Serral
"International Seaways, Inc.",Jose Rafael Sainz
"International Seaways, Inc.",Abdelaziz Velez
"Financial Engines, Inc.",Florin Grau
"Financial Engines, Inc.",Nicolasa Casto
"Financial Engines, Inc.",Guillermo Campos
"Financial Engines, Inc.",Maria Beatriz Boutahar
"Nuveen Connecticut Quality Municipal Income Fund",Maria Mar Chelaru
"Nuveen Connecticut Quality Municipal Income Fund",Lola Sellers
"Nuveen Connecticut Quality Municipal Income Fund",Constantin Andreu
"La Coipa",Ignasi Rosales
"La Coipa",Florencia Corchon
"La Coipa",Maria Magdalena Tayebi
"La Coipa",Marc Aguilar
"Dorado",Inocencio Llorens
"Dorado",Estibaliz Pozon
"Dorado",Aziz Garzon
"Dorado",Maria Alicia Matache
"Mackinac Financial Corporation",Roberto Carlos Pino
"Mackinac Financial Corporation",Maria Cinta Akhrif
"Mackinac Financial Corporation",Jose Andres Asensio
"Mackinac Financial Corporation",Dolores Oyanguren
"Mackinac Financial Corporation",Saul Saiz
"Cogentix Medical, Inc.",Iker Pardo
"Cogentix Medical, Inc.",Israel Escudero
"Cerro Colorado",Laia Tortella
"Cerro Colorado",Gorka Martos
"Cerro Colorado",Emiliana Gil De Gomez
"Dynatronics Corporation",Aziz Garzon
"Dynatronics Corporation",Joaquina Del Jesus
"Dynatronics Corporation",Guillermo Campos
"Dynatronics Corporation",Eusebia Reines
"Dynatronics Corporation",Josep Lorenzo
"R.R. Donnelley & Sons Company",Maria Paloma Haddu
"R.R. Donnelley & Sons Company",Esther Chaos
"R.R. Donnelley & Sons Company",Hector Soto
"Trongol",Francisco Asis Portillo
"Trongol",Antonio Javier Toledo
"Trongol",Esther Chaos
"FTI Consulting, Inc.",Armando Valverde
"FTI Consulting, Inc.",Coral Mesbahi
"FTI Consulting, Inc.",Ane De Jong
"FTI Consulting, Inc.",Cecilio Sanchis
"Inacesa - El Way",Laureano Bosch
"Inacesa - El Way",Benjamin Salas
"Inacesa - El Way",Paulina Dorobantu
"Inacesa - El Way",Valentin Rivas
"RiverNorth Opportunities Fund, Inc.",Eulogio Granados
"RiverNorth Opportunities Fund, Inc.",Erica Coruña
"RiverNorth Opportunities Fund, Inc.",Nicolae Carballo
"RiverNorth Opportunities Fund, Inc.",Juan Carlos Serrano
"AmerisourceBergen Corporation (Holding Co)",Marc Aguilar
"AmerisourceBergen Corporation (Holding Co)",Aritz Cervera
"AmerisourceBergen Corporation (Holding Co)",Omar Abad
"Evolving Systems, Inc.",Imanol Cantero
"Evolving Systems, Inc.",Maria Juana Mallor
"Evolving Systems, Inc.",Maria Gloria Inguanzo
"Evolving Systems, Inc.",Felipe Vicente
"UMH Properties, Inc.",Adrian Rubio
"UMH Properties, Inc.",Ramiro Navas
"UMH Properties, Inc.",Alfonsa Relloso
"UMH Properties, Inc.",Ruben Medina
"Arenal",Samuel Benitez
"Arenal",Amelia Nodal
"Arenal",Lucas Rey
"Suncor EnergyInc.",Maria Valle De La Huerga
"Suncor EnergyInc.",Rafaela Mitu
"Suncor EnergyInc.",Alexander Bautista
"Elkhorn Commodity Rotation Strategy ETF",Fabio Ariza
"Elkhorn Commodity Rotation Strategy ETF",Noel Paniagua
"La Patagua",Eleuterio Gordillo
"La Patagua",Maria Araceli Yuan
"La Patagua",Natividad Carabaño
"Terreno Realty Corporation",Pere Quintana
"Terreno Realty Corporation",Paulina Dorobantu
"Terreno Realty Corporation",Maria Encarnacion Bahri
"Terreno Realty Corporation",Antonio Manuel Mateo
"CenterPoint Energy, Inc.",Miguel Diaz
"CenterPoint Energy, Inc.",Maria Amparo Anguix
"CenterPoint Energy, Inc.",Ezequiel Correa
"CenterPoint Energy, Inc.",Cristina Macipe
"CenterPoint Energy, Inc.",Carles Guzman
"Enel Generacion Chile S.A.",Valentin Rivas
"Enel Generacion Chile S.A.",Irene Herrmann
"Enel Generacion Chile S.A.",Juan Antonio Ortega
"Enel Generacion Chile S.A.",Sagrario Hungria
"Enel Generacion Chile S.A.",Ian Alcantara
"Edge Therapeutics, Inc.",Iker Pardo
"Edge Therapeutics, Inc.",Feliciana Buide
"Edge Therapeutics, Inc.",Ander Cuevas
"Edge Therapeutics, Inc.",Maria Trinidad Lup
"Edge Therapeutics, Inc.",Amadeo Latorre
"Under Armour, Inc.",Aurelia Foguet
"Under Armour, Inc.",Fidel Puig
"El Volcán",Estibaliz Pozon
"El Volcán",Arnau Cuesta
"El Volcán",Maria Nuria Silio
"El Volcán",Anselmo Pujol
"El Soldado",Adrian Rubio
"El Soldado",Maria Concepcion Avellana
"KT Corporation",Alexander Bautista
"KT Corporation",Adelaida Garcete
"KT Corporation",Celso Falcon
"KT Corporation",Jenifer Valmaña
"KT Corporation",Hamza Barrio
"ACF - Lagunas",John Rebollo
"ACF - Lagunas",Sandra Maria Esteruelas
"ACF - Lagunas",Jose Emilio Poveda
"ACF - Lagunas",Carla Golderos
"ACF - Lagunas",Santiago Santos
"First Hawaiian, Inc.",Kevin De La Fuente
"First Hawaiian, Inc.",Emma Gegundez
"First Hawaiian, Inc.",Diana Matanza
"First Hawaiian, Inc.",Francesc Guillen
"Randgold Resources Limited",Yago Alfaro
"Randgold Resources Limited",Soledad Benimeli
"Randgold Resources Limited",Ana Maria Bartomeu
"Randgold Resources Limited",Santiago Santos
"III de Atacama Minerals - Aguas Blancas",Milagros Acuyo
"III de Atacama Minerals - Aguas Blancas",Aziz Garzon
"Urstadt Biddle Properties Inc.",Placido Mejias
"Urstadt Biddle Properties Inc.",Lorena Saad
"Urstadt Biddle Properties Inc.",Herminia Zahino
"Urstadt Biddle Properties Inc.",Antonio Jose Franco
"Chimberos",Andoni Lago
"Chimberos",Petra Aomar
"JA Solar Holdings, Co., Ltd.",Elsa Puges
"JA Solar Holdings, Co., Ltd.",Vicent Valles
"JA Solar Holdings, Co., Ltd.",Myriam Lires
"JA Solar Holdings, Co., Ltd.",Bartolome Mateos
"CMP - Algarrobo",Jose Eduardo Piñero
"CMP - Algarrobo",Maria Fernanda Villasuso
"CMP - Algarrobo",Diego Morales
"CMP - Algarrobo",Maria Rosario Torrubiano
"CMP - Algarrobo",Segundo Marrero
"Idera Pharmaceuticals, Inc.",Damian Valle
"Idera Pharmaceuticals, Inc.",Hilario Ayala
"Idera Pharmaceuticals, Inc.",Regina Blaj
"Idera Pharmaceuticals, Inc.",Ionel Agudo
"Montecristo",Emilio Jose Caro
"Montecristo",Gloria Cidre
"Montecristo",Ignacio Prieto
"Montecristo",Maria Magdalena Tayebi
"Special Opportunities Fund Inc.",Luis Javier Carbonell
"Special Opportunities Fund Inc.",Anabel Rodriguez Peral
"Special Opportunities Fund Inc.",Manuel Antonio Reina
"Special Opportunities Fund Inc.",Matilde Linacero
"Special Opportunities Fund Inc.",Amador Soria
"AGCO Corporation",Josu Arranz
"AGCO Corporation",Presentacion Pereñiguez
"AGCO Corporation",Augusto Tena
"Lenga",Michael Belmonte
"Lenga",Maria Fernanda Villasuso
"Lenga",Isidoro Pons
"Julia",Jose Angel Carmona
"Julia",Lorena Saad
"Julia",Pol Costa
"Julia",Silvia Dobrev
"NextEra Energy, Inc.",Lourdes Menguiano
"NextEra Energy, Inc.",Jose Miguel Diez
"NextEra Energy, Inc.",Francisca Caelles
"Diamond Hill Investment Group, Inc.",Octavio Tapia
"Diamond Hill Investment Group, Inc.",Aina Martin Delgado
"Diamond Hill Investment Group, Inc.",Laureano Bosch
"Diamond Hill Investment Group, Inc.",Manuel Francisco Del Valle
"Jazz Pharmaceuticals plc",Almudena Canes
"Jazz Pharmaceuticals plc",Anselmo Pujol
"Jazz Pharmaceuticals plc",Mohamed Caballero
"Laguna Siren",Gerardo Exposito
"Laguna Siren",Palmira Ruales
"Laguna Siren",Ana Maria Bartomeu
"Laguna Siren",Ismael Herrero
"Universal Stainless & Alloy Products, Inc.",Celso Falcon
"Universal Stainless & Alloy Products, Inc.",Mariam Corrons
"Universal Stainless & Alloy Products, Inc.",Luis Manuel Lorente
"Universal Stainless & Alloy Products, Inc.",Coral Mesbahi
"Alhué",Ursula Xiao
"Alhué",Joaquim Paz
"Alhué",Rufino Rosa
"United Insurance Holdings Corp.",Saul Saiz
"United Insurance Holdings Corp.",Rosa Rosino
"United Insurance Holdings Corp.",Inocencio Llorens
"Chuquicamata",Pol Costa
"Chuquicamata",Azucena Ould Mohamed
"Chuquicamata",Pedro Jose Luque
"Chuquicamata",Minerva Pagazaurtundua
"Chuquicamata",Igor Hernando
"Maganeso III de Atacama",Roque Borrego
"SCL Chemetall",Monica Holt
"SCL Chemetall",Enric Collado
"SCL Chemetall",Clara Nouri
"SCL Chemetall",Oier Romera
"Galectin Therapeutics Inc.",Joel Contreras
"Galectin Therapeutics Inc.",Debora Cerron
"Galectin Therapeutics Inc.",Jesus Maria Rivera
"Galectin Therapeutics Inc.",Jose Gonzalez
"Yelp Inc.",Hamid Sole
"Yelp Inc.",Ainara De Luz
"Yelp Inc.",Pascual Guerra
"China Mobile (Hong Kong) Ltd.",German Camacho
"China Mobile (Hong Kong) Ltd.",Ane De Jong
"China Mobile (Hong Kong) Ltd.",Jesus Angel Lucas
"China Mobile (Hong Kong) Ltd.",Abraham Alba
"Pirquitas",Higinio Dorado
"Pirquitas",Elizabeth Truchado
"Collahuasi",Casimiro Vergara
"Collahuasi",Cristina Maria Vilana
"Collahuasi",Juan Andres Saavedra
"Collahuasi",Gertrudis Zanfir
"Collahuasi",Norberto Galvan
"Central Garden & Pet Company",Ascension Bratos
"Central Garden & Pet Company",Jon Casas
"Central Garden & Pet Company",Mariam Corrons
"Central Garden & Pet Company",Modesto Polo
"Faride",Ernesto Valero
"Faride",Maria Belen Ruesgas
"Faride",Sonia Goiburu
"Faride",Juan Ramon Soriano
"María Elisa",Celso Falcon
"María Elisa",Luisa Maria Bando
"María Elisa",Manuel Jose Cardenas
"María Elisa",Montserrat Noel
"María Elisa",Jaime Guerrero
"HollyFrontier Corporation",Christian Palacios
"HollyFrontier Corporation",Liliana Azon
"HollyFrontier Corporation",Manuel Jose Cardenas
"HollyFrontier Corporation",Segundo Marrero
"Recon Technology, Ltd.",Antonio Javier Toledo
"Recon Technology, Ltd.",Basilisa Azam
"Recon Technology, Ltd.",Delia Ayuda
"Recon Technology, Ltd.",Jose Manuel Alvarez
"JM Global Holding Company",Bernardo Vila
"JM Global Holding Company",Carlota Dobra
"JM Global Holding Company",Iker Pardo
"JM Global Holding Company",Violeta Atxa
"Del Fierro",Diana Matanza
"Del Fierro",Octavio Tapia
"Del Fierro",Amalia Diaz Hellin
"Del Fierro",Jorge Gil
"Hub Group, Inc.",Kevin De La Fuente
"Hub Group, Inc.",Jana Casafont
"Hub Group, Inc.",Angel Luis Trujillo
"Hub Group, Inc.",Trinidad Aedo
"Hub Group, Inc.",Adria Mesa
"Manantial",Francisco Javier Jimenez
"Manantial",Lucia Peula
"Manantial",Alfredo Ibañez
"Manantial",Flora Tsvetkov
"Manantial",Ahmed Bernal
"Credit Acceptance Corporation",Roberto Carlos Pino
"Credit Acceptance Corporation",Minerva Pagazaurtundua
"Credit Acceptance Corporation",Gheorghe Quesada
"Credit Acceptance Corporation",Iris Rostoll
"Credit Acceptance Corporation",Constantin Andreu
"Nuveen AMT-Free Municipal Value Fund",Gustavo Adolfo Brito
"Nuveen AMT-Free Municipal Value Fund",Rachida Evangelio
"Nuveen AMT-Free Municipal Value Fund",Bartolome Mateos
"Nuveen AMT-Free Municipal Value Fund",Benita Fontanillo
"Nuveen AMT-Free Municipal Value Fund",Primitivo Serna
"Mirna Therapeutics, Inc.",Antonio Manuel Mateo
"Mirna Therapeutics, Inc.",Basilio Requena
"Mirna Therapeutics, Inc.",Josefina Serral
"Mirna Therapeutics, Inc.",Jose Pablo Saenz
"Kura Oncology, Inc.",Marcial Pinto
"Kura Oncology, Inc.",Edgar Leal
"Kura Oncology, Inc.",Esther Chaos
"First Trust Senior Loan Fund ETF",Victoriano Salazar
"First Trust Senior Loan Fund ETF",Luisa Jaramago
"First Trust Senior Loan Fund ETF",Antia Grado
"First Trust Senior Loan Fund ETF",Alexandru Campo
"Ulta Beauty, Inc.",Ali Linares
"Ulta Beauty, Inc.",Karima Coin
"Ulta Beauty, Inc.",Leonardo Corral
"Ulta Beauty, Inc.",Felisa Singla
"Ulta Beauty, Inc.",Rodolfo Becerra
"Comcast Corporation",Brahim Ochoa
"Comcast Corporation",Maite Irun
"Comcast Corporation",Pelayo Pazos
"Comcast Corporation",Miguel Diaz
"Los Pelambres",Michael Belmonte
"Los Pelambres",Mihaela Marty
"Los Pelambres",Elena Tricio
"Los Pelambres",Imanol Cantero
"Algorta",Maria Angels Sanchez Gil
"Algorta",Sergi Varela
"Algorta",Nestor Da Silva
"AbbVie Inc.",Mauricio Coll
"AbbVie Inc.",Nicolae Carballo
"AbbVie Inc.",Jessica Reinado
"AbbVie Inc.",Carlos Manuel Alcaraz
"Virco Manufacturing Corporation",Eneko Cobo
"Virco Manufacturing Corporation",Rosario Pisabarro
"Virco Manufacturing Corporation",Julio Peña
"Virco Manufacturing Corporation",Piedad Cabau
"Mantos de la Luna",Juan Antonio Ortega
"Mantos de la Luna",Nerea Niembro
"Mantos de la Luna",Saturnino Chen
"Mantos de la Luna",Maria Mercedes Mahedero
"Mantos de la Luna",Carlos Ruiz
"Fiserv, Inc.",Urbano Pla
"Fiserv, Inc.",Minerva Pagazaurtundua
"Fiserv, Inc.",Roberto Carlos Pino
"Fiserv, Inc.",Milagros Acuyo
"Fiserv, Inc.",Adria Mesa
"Quiborax - Ascotán",Maria Desamparados Lodos
"Quiborax - Ascotán",Jose Manuel Alvarez
"Quiborax - Ascotán",Alfredo Ibañez
"CMP - El Laco",Viorel Vives
"CMP - El Laco",Consolacion Recouso
"CMP - El Laco",Teofilo Ocaña
"CMP - El Laco",Maribel Cubino
"CMP - El Laco",Josu Arranz
"Tata Motors Ltd",Josep Lorenzo
"Tata Motors Ltd",Yolanda Lecanda
"Tata Motors Ltd",Christian Palacios
"Tata Motors Ltd",Marcos Antonio Bartolome
"Eaton Vance Corporation",Marcial Pinto
"Eaton Vance Corporation",Juan Lopez
"Eaton Vance Corporation",Juan Maria Ros
"Peabody Energy Corporation",Josue Marques
"Peabody Energy Corporation",Maria Cristina Villarta
"Peabody Energy Corporation",Bruno Del Rio
"Peabody Energy Corporation",Jenifer Valmaña
"Peabody Energy Corporation",Francisco Jose Cano
"Vanguard Russell 3000 ETF",Benigno Camara
"Vanguard Russell 3000 ETF",Benita Fontanillo
"Vanguard Russell 3000 ETF",Carlos Alberto Villanueva
"Voya Global Equity Dividend and Premium Opportunity Fund",Juan Miguel Casado
"Voya Global Equity Dividend and Premium Opportunity Fund",Rogelio Arenas
"Voya Global Equity Dividend and Premium Opportunity Fund",Amanda Mangana
"First Trust International Multi-Asset Diversified Income Index",Igor Hernando
"First Trust International Multi-Asset Diversified Income Index",Marta Paunero
"First Trust International Multi-Asset Diversified Income Index",Jose Ignacio Crespo
"First Trust Nasdaq Retail ETF",Bernardino Palomo
"First Trust Nasdaq Retail ETF",Tatiana Daras
"First Trust Nasdaq Retail ETF",Mateo Menendez
"First Trust Nasdaq Retail ETF",Maria Laura Reula
"Orbotech Ltd.",Jose Carlos Duran
"Orbotech Ltd.",Maria Jesus Amezua
"Orbotech Ltd.",Robert Juarez
"Orbotech Ltd.",Juan Bautista Paredes
"La Perla",Saturnino Chen
"La Perla",Maria Paloma Haddu
"La Perla",Enric Collado
"iShares MSCI EM ESG Optimized ETF",Urbano Pla
"iShares MSCI EM ESG Optimized ETF",Amanda Mangana
"iShares MSCI EM ESG Optimized ETF",Pedro Antonio Miguel
"iShares MSCI EM ESG Optimized ETF",Basilio Requena
"PowerShares Golden Dragon China Portfolio",Margarita Alecu
"PowerShares Golden Dragon China Portfolio",Pedro Pablo Cobos
"PowerShares Golden Dragon China Portfolio",Dionisia Urrutikoetxea
"PowerShares Golden Dragon China Portfolio",Yeray Bonilla
"Texas Capital Bancshares, Inc.",Hector Soto
"Texas Capital Bancshares, Inc.",Lydia Sacedo
"Texas Capital Bancshares, Inc.",Josefina Serral
"Mantos Blancos",Anselmo Pujol
"Mantos Blancos",Maria Elisa Bolet
"Mantos Blancos",Hipolito Morillo
"Mantos Blancos",Agustina Rodao
"Mantos Blancos",Felix Fuentes
"Choquelimpie",Moises Marcos
"Choquelimpie",Mihaela Marty
"Choquelimpie",Mohamed Caballero
"Choquelimpie",Erik Zapata
"Novelion Therapeutics Inc.",Avelino Ojeda
"Novelion Therapeutics Inc.",Maite Irun
"Novelion Therapeutics Inc.",Alberto Ramirez
"Novelion Therapeutics Inc.",Maria Rocio Escobero
"Novelion Therapeutics Inc.",Nil Catalan
"Double Eagle Acquisition Corp.",Andoni Lago
"Double Eagle Acquisition Corp.",Maria Jesus Amezua
"Double Eagle Acquisition Corp.",Juan Ignacio Simon
"Double Eagle Acquisition Corp.",Cristina Macipe
"Double Eagle Acquisition Corp.",Benigno Camara
"Celgene Corporation",Pablo Jose Figueroa
"Celgene Corporation",Naiara Pastora
"Celgene Corporation",Pedro Pablo Cobos
"Celgene Corporation",Ingrid Bonamusa
"El Tesoro",Gerard Gracia
"El Tesoro",Obdulia Alcelay
"El Tesoro",Leopoldo Porras
"El Tesoro",Salvadora Mundet
"El Tesoro",Enrique Molina
"Altamira",Jose Francisco Velasco
"Altamira",Maria Esperanza San Luis
"Altamira",Ayoub Moyano
"Altamira",Ana Cristina Conill
"El Salvador",Manuel Rodriguez
"El Salvador",Fabiola Dumbrava
"El Salvador",Yago Alfaro
"El Salvador",Maria Nieves Lalana
"El Salvador",Pedro Pablo Cobos
"Container Store (The)",Coral Mesbahi
"Container Store (The)",Omar Abad
"Container Store (The)",Celestino Oliver
"Royal Caribbean Cruises Ltd.",Luis Eduardo Hervas
"Royal Caribbean Cruises Ltd.",Jesusa Estades
"Royal Caribbean Cruises Ltd.",Vidal Tejero
"Royal Caribbean Cruises Ltd.",Juan Miguel Casado
"Sierra Miranda",Iñaki Blazquez
"Sierra Miranda",Ainara De Luz
"Sierra Miranda",Jose Juan Salvador
"Sierra Miranda",Concepcion Cristaldo
"Sierra Miranda",Josue Marques
"El Morro",Fabio Ariza
"El Morro",Maria Pilar Lopez Cozar
"El Morro",Evaristo Olivares
"El Morro",Jose Miguel Diez
"Pucobre",Encarna Alzina
"Pucobre",Abraham Alba
"Pucobre",Agueda El Baroudi
"Pucobre",Jan Pelaez
"Corporate Asset Backed Corp CABCO",Ismael Herrero
"Corporate Asset Backed Corp CABCO",Eloy Aparicio
"Corporate Asset Backed Corp CABCO",Arnau Cuesta
"SeaChange International, Inc.",Primitivo Serna
"SeaChange International, Inc.",Sacramento Andrea
"SeaChange International, Inc.",Luis Alberto Padilla
"SeaChange International, Inc.",Arantxa Canelles
"SeaChange International, Inc.",Aleix Burgos
"Entercom Communications Corporation",Rosa Rosino
"Entercom Communications Corporation",Marta Maria Arillo
"Entercom Communications Corporation",Manuel Francisco Del Valle
"La Marcelina",Jose Maria Navarro
"La Marcelina",Carlota Dobra
"La Marcelina",Antonio Jose Franco
"La Marcelina",Juan David Dos Santos
"Gabriela Mistral",Jonatan Conde
"Gabriela Mistral",Fatima Osle
"Gabriela Mistral",Antonio Jesus Redondo
"Gabriela Mistral",Ana Cristina Conill
"Gabriela Mistral",Jose Luis Perez
"Arch Capital Group Ltd.",Marino Llamas
"Arch Capital Group Ltd.",Manuela Sante
"Arch Capital Group Ltd.",Carlos Ruiz
"Arch Capital Group Ltd.",Carlota Dobra
"Arch Capital Group Ltd.",Alonso Rodrigo
"Antucoya",Bautista Noguera
"Antucoya",Rosa Maria Cousido
"Antucoya",Raul Ortiz
"Antucoya",Maria Laura Reula
"Antucoya",Unai Galvez
"Carola",Marcelo Perea
"Carola",Ernesto Valero
"Carola",Inocencia Renes
"Carola",Jose Maria Navarro
"PowerShares KBW High Dividend Yield Financial Portfolio",Benigno Camara
"PowerShares KBW High Dividend Yield Financial Portfolio",Alexia Merello
"PowerShares KBW High Dividend Yield Financial Portfolio",Hamza Barrio
"PowerShares KBW High Dividend Yield Financial Portfolio",Aimar Espejo
"Spence",Mariano Pascual
"Spence",Sandra Maria Esteruelas
"Spence",Primitivo Serna
"Cerro Blanco",Pau Sierra
"Cerro Blanco",Elsa Puges
"Cerro Blanco",Jesus Miguel Valenzuela
"Haldeman - Sagasca",Robert Juarez
"Haldeman - Sagasca",Ezequiel Correa
"Haldeman - Sagasca",Pastora Almeria
"Haldeman - Sagasca",Noel Paniagua
"Victoria",Nestor Da Silva
"Victoria",Avelina Laviana
"Victoria",Rodrigo Merino
"Victoria",Eusebia Reines
"L.B. Foster Company",Vasile Ordoñez
"L.B. Foster Company",Consuelo Lamrani
"L.B. Foster Company",Clemente Vela
"L.B. Foster Company",Estrella Duñabeitia
"L.B. Foster Company",Lucas Rey
"Regal Entertainment Group",Alberto Jose Zambrano
"Regal Entertainment Group",Isidora Fabero
"Regal Entertainment Group",Mateo Menendez
"Regal Entertainment Group",Yago Alfaro
"Celite - Tana",Eloy Aparicio
"Celite - Tana",Maria Piedad Cabeo
"Celite - Tana",Ismael Herrero
"Celite - Tana",Malika Cucharero
"Celite - Tana",Oriol Jurado
"iPath US Treasury Long Bond Bear ETN",Anastasio Barba
"iPath US Treasury Long Bond Bear ETN",Ariadna Djalo
"iPath US Treasury Long Bond Bear ETN",Aquilino Guijarro
"iPath US Treasury Long Bond Bear ETN",Monica Holt
"Cambrex Corporation",Juan Diego Salgado
"Cambrex Corporation",Maria Soledad Maresma
"Cambrex Corporation",Marcial Pinto
"Cambrex Corporation",Fabian Solis
"Pure Cycle Corporation",Nadia De La Haza
"Pure Cycle Corporation",Jose Alejandro Heras
"Pure Cycle Corporation",Anna Maria Tristante
"Ojos del Salado",Gregorio Roman
"Ojos del Salado",Maria Purificacion Bures
"Ojos del Salado",Bernardo Vila
"Ojos del Salado",Jesusa Estades
"Ojos del Salado",Victor Manuel Pastor
"Caupolicán",Iluminada Bonnet
"Caupolicán",Alfonsa Relloso
"Caupolicán",Luis Eduardo Hervas
"EPR Properties",Stefan Bello
"EPR Properties",Ibai Gamez
"EPR Properties",Cristina Maria Vilana
"EPR Properties",Dario Santamaria
"First Trust Emerging Markets Small Cap AlphaDEX Fund",Valeriano Rincon
"First Trust Emerging Markets Small Cap AlphaDEX Fund",Sarai Celador
"First Trust Emerging Markets Small Cap AlphaDEX Fund",Fidel Puig
"First Trust Emerging Markets Small Cap AlphaDEX Fund",Maria Antonia Niculescu
"First Trust Emerging Markets Small Cap AlphaDEX Fund",Severino Huerta
"Aircastle Limited",Jeronimo Hurtado
"Aircastle Limited",Maria Piedad Cabeo
"Aircastle Limited",Teodoro Lazaro
"Aircastle Limited",Manuel Alejandro Peinado
"Esperanza",Christian Palacios
"Esperanza",Ferran Marco
"Esperanza",Maite Irun
"Esperanza",Antonio Garcia
"BLDRS Asia 50 ADR Index Fund",Carlos Manuel Alcaraz
"BLDRS Asia 50 ADR Index Fund",Maria Estrella Zuheros
"BLDRS Asia 50 ADR Index Fund",Gheorghe Quesada
"Western Asset Bond Fund",Eulogio Granados
"Western Asset Bond Fund",Eulalia Aliaño
"Western Asset Bond Fund",Jon Casas
"Forum Merger Corporation",Francisco Borja Toro
"Forum Merger Corporation",Gemma Betolaza
"Forum Merger Corporation",Julia Maria Ruiz De Arcaute
"Forum Merger Corporation",Luis Miguel Saez
"Nuveen Michigan Quality Municipal Income Fund",Eleuterio Gordillo
"Nuveen Michigan Quality Municipal Income Fund",Maria Elvira Vilda
"Nuveen Michigan Quality Municipal Income Fund",Higinio Dorado
"Nuveen Michigan Quality Municipal Income Fund",Salud Mollo
"Nuveen Michigan Quality Municipal Income Fund",Yeray Bonilla
"Discovery Communications, Inc.",Jose Fernando Carrera
"Discovery Communications, Inc.",Anna Marica
"Discovery Communications, Inc.",Jose Angel Carmona
"Discovery Communications, Inc.",Marina Butragueño
"Discovery Communications, Inc.",Jose Enrique Manzano
"Drive Shack Inc.",Josep Maria Acosta
"Drive Shack Inc.",Martina Castañar
"Drive Shack Inc.",Gerardo Exposito
"Drive Shack Inc.",Covadonga Maravilla
"Drive Shack Inc.",Mamadou Solano
"Mid-America Apartment Communities, Inc.",Jose Pablo Saenz
"Mid-America Apartment Communities, Inc.",Jeronimo Hurtado
"STMicroelectronics N.V.",Gorka Martos
"STMicroelectronics N.V.",Josefa Senso
"STMicroelectronics N.V.",Antonio Miguel Riera
"STMicroelectronics N.V.",Laila Peyro
"STMicroelectronics N.V.",Michael Belmonte
"RenaissanceRe Holdings Ltd.",Fuensanta Callis
"RenaissanceRe Holdings Ltd.",Primitivo Serna
"RenaissanceRe Holdings Ltd.",Jairo Villa
"LTC Properties, Inc.",Antonia Maria Leach
"LTC Properties, Inc.",Abraham Alba
"LTC Properties, Inc.",Anastasio Barba
"El Guindo",Luis Francisco Carvajal
"El Guindo",Susana Muntadas
"El Guindo",Luis Manuel Lorente
"El Guindo",Bernardino Palomo
"Cerro Bayo",Francisco Luis Puente
"Cerro Bayo",Anna Marica
"Cerro Bayo",Mohamed Caballero
"Cerro Bayo",Jose Maria Navarro
"Kite Realty Group Trust",Khalid Quintero
"Kite Realty Group Trust",Maria Aranzazu Wojcik
"Kite Realty Group Trust",Jordi Vidal
"XO Group, Inc.",Catalina Bowen
"XO Group, Inc.",Alvaro Castro
"XO Group, Inc.",Gema Maria Molinares
"XO Group, Inc.",Andoni Lago
"SQM Salar",Aurelio Rico
"SQM Salar",Gema Gallent
"SQM Salar",Victor Jose De Miguel
"El Abra",Maximiliano Amaya
"El Abra",Maria Encarnacion Bahri
"El Abra",Markel Pizarro
"Destination XL Group, Inc.",Roger Avila
"Destination XL Group, Inc.",Marcela Ortegon
"Destination XL Group, Inc.",Francisco Jesus Blasco
"Destination XL Group, Inc.",Maria Cinta Akhrif
"Escondida",Manuela Sante
"Escondida",Jose Pablo Saenz
"BLDRS Developed Markets 100 ADR Index Fund",Juan Jesus Calderon
"BLDRS Developed Markets 100 ADR Index Fund",Natalia Lancis
"BLDRS Developed Markets 100 ADR Index Fund",Gabriel Vega
"BLDRS Developed Markets 100 ADR Index Fund",Anna Maria Tristante
"Navío",Roberto Carlos Pino
"Navío",Gloria Cidre
"Navío",Domingo Santana
"Navío",Lola Sellers
"Navío",Jose Felix Cerezo
"Franklin Financial Network, Inc.",Adan Frias
"Franklin Financial Network, Inc.",Lourdes Menguiano
"Franklin Financial Network, Inc.",Casimiro Vergara
"Franklin Financial Network, Inc.",Pol Costa
"Cóndor",Maria Nuria Silio
"Cóndor",Gregorio Roman
"Cóndor",Gabriela Chulian
"Cóndor",Aquilino Guijarro
"Punta de Lobos - Kanita",Juan David Dos Santos
"Punta de Lobos - Kanita",Olivia Herance
"Punta de Lobos - Kanita",Jose Joaquin Barrera
"Punta de Lobos - Kanita",Maria Merce Vias
"Kamada Ltd.",Juan David Dos Santos
"Kamada Ltd.",Anastasia Cristofol
"Kamada Ltd.",Felix Fuentes
"Kamada Ltd.",Laura Golan
"Kamada Ltd.",Jose Antonio Sanchez
"Marte Lobo",Luisa Maria Bando
"Marte Lobo",Modesto Polo
"Marte Lobo",Maria Dolors Rina
"Marte Lobo",Jose Vicente Galan
"El Toqui",Anna Maria Tristante
"El Toqui",Juan Pablo Rueda
"El Toqui",Otilia Sambola
"El Toqui",Luis Maria Mena
"Cowen Inc.",Ezequiel Correa
"Cowen Inc.",Belen Gosende
"Cowen Inc.",Peter Olmedo
"Nutanix, Inc.",Omar Abad
"Nutanix, Inc.",Belen Gosende
"Nutanix, Inc.",Eulogio Granados
"Nutanix, Inc.",Maria Remedios Cabarrocas
"Nutanix, Inc.",Adam Carrion
"Janus Henderson Small Cap Growth Alpha ETF",Luis Francisco Carvajal
"Janus Henderson Small Cap Growth Alpha ETF",Joel Contreras
"Janus Henderson Small Cap Growth Alpha ETF",Felicitas Fermosel
"Janus Henderson Small Cap Growth Alpha ETF",Emiliano Oliva
"Chimborazo",Marcos Herrera
"Chimborazo",Eugenia Ochovo
"Chimborazo",Antonio Manuel Mateo
"Chimborazo",Remedios Caton
"Chimborazo",Kevin De La Fuente
"Cerro Casale",Julio Peña
"Cerro Casale",Elena Maria Amargant
"Cerro Casale",Jose Alejandro Heras
"Cerro Casale",Maximo Rojo
"China Cord Blood Corporation",Dario Santamaria
"China Cord Blood Corporation",Jana Casafont
"China Cord Blood Corporation",Maria Juana Mallor
"Novanta Inc.",Maria Angustias El Hamdi
"Novanta Inc.",Antonio Luis Velazquez
"Novanta Inc.",Justa Seglar
"CMP - Los Colorados",Mamadou Solano
"CMP - Los Colorados",Peter Olmedo
"CMP - Los Colorados",Sonia Maria Carcas
"CMP - Los Colorados",Lazaro Egea
"U.S. Energy Corp.",Pedro Antonio Miguel
"U.S. Energy Corp.",Jaume Arroyo
"U.S. Energy Corp.",Maria Jose Paniza
"U.S. Energy Corp.",Roman Castaño
"NVIDIA Corporation",Lara Salon
"NVIDIA Corporation",Mariano Pascual
"NVIDIA Corporation",Marcela Ortegon
"NVIDIA Corporation",Markel Pizarro
"Argos Therapeutics, Inc.",Nicolas Gimenez
"Argos Therapeutics, Inc.",Maria Milagros Miracle
"Argos Therapeutics, Inc.",Malika Cucharero
"Argos Therapeutics, Inc.",Carlos Antonio Salcedo
"Guaranty Bancorp",Vicent Valles
"Guaranty Bancorp",Leyre Plagaro
"Guaranty Bancorp",Jose Alberto Estevez
"Guaranty Bancorp",Francisca Caelles
"Inseego Corp.",Hicham Cuadrado
"Inseego Corp.",Mercedes Mije
"Inseego Corp.",Driss Valdes
"Inseego Corp.",Leyre Plagaro
"Inseego Corp.",Abelardo Araujo
"Peapack-Gladstone Financial Corporation",Francesc Xavier Pineda
"Peapack-Gladstone Financial Corporation",Luna Garmilla
"Peapack-Gladstone Financial Corporation",Dario Santamaria
"Peapack-Gladstone Financial Corporation",Elisa Ciruela
"Peapack-Gladstone Financial Corporation",Aritz Cervera
"German American Bancorp, Inc.",Juan Alberto Sala
"German American Bancorp, Inc.",Claudia Muriano
"German American Bancorp, Inc.",Joaquim Paz
"German American Bancorp, Inc.",Hortensia Laina
"German American Bancorp, Inc.",Genaro Andrade
"La Picarda",Robert Juarez
"La Picarda",Maria Luisa Garaizabal
"La Picarda",Higinio Dorado
"La Picarda",Filomena El Mahi
"Apple Hospitality REIT, Inc.",Juan Ramon Soriano
"Apple Hospitality REIT, Inc.",Maria Desamparados Lodos
"Apple Hospitality REIT, Inc.",Joseba Palma
"Apple Hospitality REIT, Inc.",Luz Marina Ardao
"Apple Hospitality REIT, Inc.",Gorka Martos
"TC PipeLines, LP",Alejandro Romero
"TC PipeLines, LP",Mauro Peralta
"TC PipeLines, LP",Hamza Barrio
"Nustar GP Holdings, LLC",Rufino Rosa
"Nustar GP Holdings, LLC",Dolors Casqueiro
"Nustar GP Holdings, LLC",Jose Angel Carmona
"Cosayach - Cala Cala",Rodolfo Becerra
"Cosayach - Cala Cala",Maria Vicenta Borjabad
"Cosayach - Cala Cala",Maria Angela Miraz
"Cosayach - Cala Cala",Pablo Jose Figueroa
"Georgia Power Company",Emilio Jose Caro
"Georgia Power Company",Andrea Curtis
"Georgia Power Company",Jose Ramon Carrasco
"Georgia Power Company",Hipolito Morillo
"PowerShares BuyBack Achievers Portfolio",Estela Darkaoui
"PowerShares BuyBack Achievers Portfolio",Abelardo Araujo
"PowerShares BuyBack Achievers Portfolio",Maria Concepcion Avellana
"Costamare Inc.",Francisca Caelles
"Costamare Inc.",Antonio Maria Lafuente
"Costamare Inc.",Maria Desamparados Lodos
"Costamare Inc.",Antonio Jesus Redondo
"Gilat Satellite Networks Ltd.",Maximino Segovia
"Gilat Satellite Networks Ltd.",Silvia Dobrev
"Gilat Satellite Networks Ltd.",Carme Hompanera
"Gilat Satellite Networks Ltd.",Christian Palacios
"The9 Limited",Justo Luna
"The9 Limited",Maria Celia Arisa
"The9 Limited",Juan Angel Piñeiro
"The9 Limited",Maria Isabel Gasset
"The9 Limited",Juan Alberto Sala
"Taiwan Fund, Inc. (The)",Federico Bueno
"Taiwan Fund, Inc. (The)",Maria Salud Libano
"Taiwan Fund, Inc. (The)",Maria Milagros Miracle
"Entegra Financial Corp.",Gheorghe Quesada
"Entegra Financial Corp.",Victorina Aranzadi
"Entegra Financial Corp.",Gregorio Roman
"Entegra Financial Corp.",Maria Fernanda Villasuso
"Entegra Financial Corp.",Manel Cid
"Torchmark Corporation",Celestino Oliver
"Torchmark Corporation",Abderrahim Ruano
"Torchmark Corporation",Maria Consolacion Villagarcia
"Torchmark Corporation",Julen Cordoba
"SAP SE",Marcial Pinto
"SAP SE",Araceli Regodon
"SAP SE",Damian Valle
"SAP SE",Maria Estrella Zuheros
"SAP SE",Jose Emilio Poveda
"Appliance Recycling Centers of America, Inc.",Julia Maria Ruiz De Arcaute
"Appliance Recycling Centers of America, Inc.",Ricardo Cruz
"Appliance Recycling Centers of America, Inc.",Angelina Mogio
"Appliance Recycling Centers of America, Inc.",Gheorghe Quesada
"Punitaqui",Vicente Delgado
"Punitaqui",Carmen Rosa Acereda
"Schwager",Feliciana Buide
"Schwager",Jose Miguel Diez
"Schwager",Ana Maria Bartomeu
"Schwager",Bilal Jorge
"Old Republic International Corporation",Juan Luis Soler
"Old Republic International Corporation",Encarna Alzina
"Old Republic International Corporation",Izan Juan
"Old Republic International Corporation",Agueda El Baroudi
"Old Republic International Corporation",Marius Fraile
"Cleveland BioLabs, Inc.",Aitor Vargas
"Cleveland BioLabs, Inc.",Maria Lourdes Sotodosos
"Cleveland BioLabs, Inc.",Jesica Masvidal
"Pampa Camarones",Antonio Javier Toledo
"Pampa Camarones",Guillermina Cenoz
"Pampa Camarones",Noelia Foncillas
"Pampa Camarones",Patricio Miralles
"Bronce de Petorca",Samuel Benitez
"Bronce de Petorca",Saturnina De Frias
"Bronce de Petorca",Jose Pablo Saenz
"Bronce de Petorca",Teresa Jesus Posado
"Bronce de Petorca",Pascual Guerra
"Gabelli Equity Trust, Inc. (The)",Carlos Manuel Alcaraz
"Gabelli Equity Trust, Inc. (The)",Encarna Alzina
"Gabelli Equity Trust, Inc. (The)",Santiago Santos
"Gabelli Equity Trust, Inc. (The)",Ramona Urrego
"Gabelli Equity Trust, Inc. (The)",Marcelino Miranda
"Cerro Negro",Severino Huerta
"Cerro Negro",Emilio Jose Caro
"Cerro Negro",Joaquim Paz
"Andacollo Cobre",Maria Aurora Calota
"Andacollo Cobre",Victor Cortes
"Andacollo Cobre",Zaira Pruneda
"Andacollo Cobre",Gines Ponce
"Meridian Waste Solutions, Inc",Evaristo Olivares
"Meridian Waste Solutions, Inc",Pilar Bedialauneta
"Meridian Waste Solutions, Inc",Marco Antonio Tomas
"Meridian Waste Solutions, Inc",Clara Nouri
"Meridian Waste Solutions, Inc",Jose Angel Carmona
"Kayne Anderson Energy Total Return Fund, Inc.",Eugenio Rojas
"Kayne Anderson Energy Total Return Fund, Inc.",Mariam Corrons
"Kayne Anderson Energy Total Return Fund, Inc.",Augusto Tena
"Kayne Anderson Energy Total Return Fund, Inc.",Joaquim Paz
"Limoneira Co",Alan Melero
"Limoneira Co",Ignasi Rosales
"Limoneira Co",Maria Piedad Cabeo
"First Financial Bankshares, Inc.",Luis Miguel Saez
"First Financial Bankshares, Inc.",Estrella Duñabeitia
"First Financial Bankshares, Inc.",Joseba Palma
"First Financial Bankshares, Inc.",Maria Rocio Escobero
"Cyclacel Pharmaceuticals, Inc.",Lucio Cabezas
"Cyclacel Pharmaceuticals, Inc.",Erika Trasmonte
"Crawford & Company",Vidal Tejero
"Crawford & Company",Mireia Alocen
"Crawford & Company",Roque Borrego
"Crawford & Company",Sandra Maria Esteruelas
"Crawford & Company",Antonio Javier Toledo
"Delcath Systems, Inc.",Valentina Miñones
"Delcath Systems, Inc.",Marius Fraile
"Delcath Systems, Inc.",Alexia Merello
"Delcath Systems, Inc.",Lucas Rey
"Ashford Hospitality Prime, Inc.",Jose Joaquin Barrera
"Ashford Hospitality Prime, Inc.",Khadija Contijoch
"Ashford Hospitality Prime, Inc.",Iker Pardo
"Ashford Hospitality Prime, Inc.",Maria Pilar Lopez Cozar
"Rush Enterprises, Inc.",John Rebollo
"Rush Enterprises, Inc.",Idoia Hadi
"Rush Enterprises, Inc.",Joana Ganzo
"Rush Enterprises, Inc.",Salvador Calvo
"GlaxoSmithKline PLC",Paulino Amador
"GlaxoSmithKline PLC",Leopoldo Porras
"GlaxoSmithKline PLC",Sofia Portes
"GlaxoSmithKline PLC",Jose Alfonso Mateu
"Great Plains Energy Inc",Jon Casas
"Great Plains Energy Inc",Ramona Urrego
"Great Plains Energy Inc",Leonardo Corral
"Great Plains Energy Inc",Juan Vicente Calero
"Urban One, Inc. ",Maximiliano Amaya
"Urban One, Inc. ",Ainhoa Aumente
"Urban One, Inc. ",Maria Beatriz Boutahar
"Urban One, Inc. ",Vicente Delgado
"Bed Bath & Beyond Inc.",Lara Salon
"Bed Bath & Beyond Inc.",Candida Schulze
"Bed Bath & Beyond Inc.",Gabriel Vega
"PIMCO Dynamic Credit and Mortgage Income Fund",Luis Miguel Saez
"PIMCO Dynamic Credit and Mortgage Income Fund",Lucia Peula
"PIMCO Dynamic Credit and Mortgage Income Fund",Gregorio Roman
"PIMCO Dynamic Credit and Mortgage Income Fund",Davinia Linaje
"Apollo Senior Floating Rate Fund Inc.",Santos Bermejo
"Apollo Senior Floating Rate Fund Inc.",Bienvenida Mite
"Apollo Senior Floating Rate Fund Inc.",Constantin Andreu
"Apollo Senior Floating Rate Fund Inc.",Maria Gracia Bellvis
"Apollo Senior Floating Rate Fund Inc.",Ali Linares
"Caserones",Francisco Manuel Vera
"Caserones",Mariana Narbon
"Caserones",Modesto Polo
"Caserones",Aurelia Foguet
"Caserones",Valeriano Rincon
"Linderos",Baldomero Cebrian
"Linderos",Olivia Herance
"Linderos",Juan Fernando Pena
"Linderos",Carolina Cidon
"Linderos",Aurelio Rico
"Andacollo Oro",Sergio Ramos
"Andacollo Oro",Engracia Tolos
"Andacollo Oro",Eric Aguilera
"Andacollo Oro",Carla Golderos
"Andacollo Oro",Fidel Puig
"Carvana Co.",Unai Galvez
"Carvana Co.",Leire Crusat
"Carvana Co.",Yanira Sanchez Rey
"Carvana Co.",Jose Pablo Saenz
"Northern Trust Corporation",Palmira Ruales
"Northern Trust Corporation",Carlos Antonio Salcedo
"Northern Trust Corporation",Maria Montserrat Liquete
"Northern Trust Corporation",Ionel Agudo
"Celite - Tilviche",Ana Isabel Manzana
"Celite - Tilviche",Rodrigo Merino
"Celite - Tilviche",Mirian Cernat
"El Teniente",Juana Cosialls
"El Teniente",Julen Cordoba
"Neff Corporation",Julen Cordoba
"Neff Corporation",Belen Gosende
"Neff Corporation",Joaquina Del Jesus
"Neff Corporation",Muhammad Arevalo
"VictoryShares US 500 Enhanced Volatility Wtd ETF",Mauro Peralta
"VictoryShares US 500 Enhanced Volatility Wtd ETF",Visitacion De La Prida
"VictoryShares US 500 Enhanced Volatility Wtd ETF",Ivan Sanz
"VictoryShares US 500 Enhanced Volatility Wtd ETF",Maria Angels Sanchez Gil
"VictoryShares US 500 Enhanced Volatility Wtd ETF",Juan Alberto Sala
"Flor de Los Andes",Marcos Herrera
"Flor de Los Andes",Silvia Maria Camuña
"Flor de Los Andes",Ignacia Ameller
"Flor de Los Andes",Christian Palacios
"Isla Riesco",Alexandre Aragon
"Isla Riesco",Leyre Plagaro
"Isla Riesco",Juan Diego Salgado
"Isla Riesco",Luis Fernando Ballesteros
"First Trust South Korea AlphaDEX Fund",Feliciana Buide
"First Trust South Korea AlphaDEX Fund",Said Maldonado
"First Trust South Korea AlphaDEX Fund",Amanda Mangana
"First Trust South Korea AlphaDEX Fund",Cesar Arias
"PDF Solutions, Inc.",Noel Paniagua
"PDF Solutions, Inc.",Antia Grado
"PDF Solutions, Inc.",Jose Jesus Chaves
"PDF Solutions, Inc.",Fernanda Susarte
"PDF Solutions, Inc.",Ismael Herrero
"Cabot Corporation",Blas Alarcon
"Cabot Corporation",Marti Aguado
"Data Processing",Juan Ramon Soriano
"Data Processing",Florentina Rebenaque
"Iván",Adan Frias
"Iván",Juan Enrique Real
"Iván",Maria Elvira Vilda
"Iván",Francisco Miguel Castellano
"Cosayach - Negreiros",Julia Maria Ruiz De Arcaute
"Cosayach - Negreiros",Gabriel Vega
"Cosayach - Negreiros",Maria Natividad Bardallo
"Delta",Aaron Benito
"Delta",Feliciana Buide
"Delta",Bienvenido Navarrete
"Delta",Marcelina Capellades
"Delta",Pedro Muñoz
"Silvercrest Asset Management Group Inc.",Adrian Rubio
"Silvercrest Asset Management Group Inc.",Concepcion Cristaldo
"Silvercrest Asset Management Group Inc.",Feliciano Villegas
"Silvercrest Asset Management Group Inc.",Judit Dilme
"Silvercrest Asset Management Group Inc.",Jose Eduardo Piñero
"Tres Valles",Youssef Aguirre
"Tres Valles",Anna Maria Tristante
"Tres Valles",Jan Pelaez
"Tres Valles",Alfonsa Relloso
"Enanta Pharmaceuticals, Inc.",Miguel Diaz
"Enanta Pharmaceuticals, Inc.",Helena Gabirondo
"Enanta Pharmaceuticals, Inc.",Marcel Angulo
"Enanta Pharmaceuticals, Inc.",Roque Borrego
"Safe Bulkers, Inc",Mario Gallego
"Safe Bulkers, Inc",Inmaculada Concepcion Gruber
"Safe Bulkers, Inc",Roberto Carlos Pino
"Safe Bulkers, Inc",Hilario Ayala
"Pascua",Miguel Angel Gutierrez
"Pascua",Candela Ruiz Hermosa
"Pascua",Evaristo Olivares
"Pascua",Maria Lourdes Sotodosos
"Pascua",Francisco Luis Puente
"Biglari Holdings Inc.",Samuel Benitez
"Biglari Holdings Inc.",Maria Aurora Calota
"Biglari Holdings Inc.",Ramon Suarez
"Biglari Holdings Inc.",Patrocinio Montecinos
"Biglari Holdings Inc.",Urbano Pla
"Gray Television, Inc.",Jose Domingo Royo
"Gray Television, Inc.",Jesus Javier Freire
"Gray Television, Inc.",Primitivo Serna
"CatchMark Timber Trust, Inc.",Fermin Beltran
"CatchMark Timber Trust, Inc.",Ainara De Luz
"CatchMark Timber Trust, Inc.",Juan Jose Blanco
"CatchMark Timber Trust, Inc.",Maria Encarnacion Bahri
"CatchMark Timber Trust, Inc.",Enric Collado
"Las Piedras",Maria Elisa Bolet
"Las Piedras",Bienvenido Navarrete
"Las Piedras",Carlos Antonio Salcedo
"Western New England Bancorp, Inc.",Angel Luis Trujillo
"Western New England Bancorp, Inc.",Gemma Betolaza
"Western New England Bancorp, Inc.",Pedro Antonio Miguel
"Shutterstock, Inc.",Carles Guzman
"Shutterstock, Inc.",Ariadna Djalo
"Shutterstock, Inc.",Aitor Vargas
"Shutterstock, Inc.",Maria Jose Paniza
"FSB Bancorp, Inc.",Julio Cesar Vallejo
"FSB Bancorp, Inc.",Ruth Canora
"FSB Bancorp, Inc.",Esmeralda Samperiz
"FSB Bancorp, Inc.",Emilio Leon
"SQM - Pedro de Valdivia",Jose Ignacio Crespo
"SQM - Pedro de Valdivia",Georgina Casatejada
"SQM - Pedro de Valdivia",Blas Alarcon
"SQM - Pedro de Valdivia",Angeles Mañeru
"SQM - Pedro de Valdivia",Jesus Angel Lucas
"United Microelectronics Corporation",Carmelo Macias
"United Microelectronics Corporation",Otilia Sambola
"United Microelectronics Corporation",David Martinez
"United Microelectronics Corporation",Sofia Portes
"United Microelectronics Corporation",Casimiro Vergara
"Adams Diversified Equity Fund, Inc.",Jose Rafael Sainz
"Adams Diversified Equity Fund, Inc.",Anabel Rodriguez Peral
"Adams Diversified Equity Fund, Inc.",Gabriela Chulian
"Adams Diversified Equity Fund, Inc.",Alex Espinosa
"Tranquilo",Andres Nuñez
"Tranquilo",Jose Vicente Galan
"Tranquilo",Eugenia Ochovo
"Tranquilo",Eloy Aparicio
"Guanaco",Markel Pizarro
"Guanaco",Maria Encarnacion Bahri
"Guanaco",Valeriano Rincon
"Guanaco",Mariona Sora
"Guanaco",Mario Gallego
"PowerShares Nasdaq Internet Portfolio",Bautista Noguera
"PowerShares Nasdaq Internet Portfolio",Enrique Molina
"PowerShares Nasdaq Internet Portfolio",Olatz Algara
"PowerShares Nasdaq Internet Portfolio",Yago Alfaro
"Lota",Maria Antonia Niculescu
"Lota",Vicente Jose Mosquera
"Lota",Jesus Javier Freire
"Diageo plc",Mariano Pascual
"Diageo plc",Valeria Arnay
"Diageo plc",Jose Manuel Alvarez
"Diageo plc",Marcelino Miranda
"El Tofo",Alvaro Castro
"El Tofo",Virginia Crehuet
"El Tofo",Jeronimo Hurtado
"El Tofo",Jacinta Mitrea
"El Tofo",Lucas Rey
"Fair Isaac Corporation",Jose Fernando Carrera
"Fair Isaac Corporation",Josefa Maria Mongay
"Fair Isaac Corporation",Francisco Borja Toro
"PTC Inc.",Roger Avila
"PTC Inc.",Elena Maria Amargant
"PTC Inc.",Saida Angueira
"PTC Inc.",Unai Galvez
"E.I. du Pont de Nemours and Company",Carlos Antonio Salcedo
"E.I. du Pont de Nemours and Company",Ana Maria Bartomeu
"E.I. du Pont de Nemours and Company",Herminio Godoy
"E.I. du Pont de Nemours and Company",Emiliana Gil De Gomez
"E.I. du Pont de Nemours and Company",Imanol Cantero
"Stamps.com Inc.",Pedro Jose Luque
"Stamps.com Inc.",Natividad Carabaño
"Stamps.com Inc.",Guillem Cordero
"Stamps.com Inc.",Marcelina Capellades
"Stamps.com Inc.",Carlos Ruiz
"Vina Concha Y Toro",Camilo Ventura
"Vina Concha Y Toro",Sara De Los Bueis
"Vina Concha Y Toro",Damian Valle
"Vina Concha Y Toro",Roque Borrego
"Tootsie Roll Industries, Inc.",Fulgencio Barragan
"Tootsie Roll Industries, Inc.",Angelica Furundarena
"Tootsie Roll Industries, Inc.",Pedro Muñoz
"Tootsie Roll Industries, Inc.",Pedro Maria Sola
"Manto Verde",Jose Emilio Poveda
"Manto Verde",Mercedes Mije
"Manto Verde",Mohammed Carrillo
"Manto Verde",Maria Angustias El Hamdi
"Manto Verde",Alonso Rodrigo
"Ellie Mae, Inc.",Marcos Antonio Bartolome
"Ellie Mae, Inc.",Trinidad Aedo
"Ellie Mae, Inc.",Jorge Juan Grande
"Ellie Mae, Inc.",Andreu Domenech
"The Chefs' Warehouse, Inc.",Yaiza Moto
"The Chefs' Warehouse, Inc.",Pedro Luis Pozo
"The Chefs' Warehouse, Inc.",Claudia Muriano
"The Chefs' Warehouse, Inc.",Jose Felix Cerezo
"Quiborax",Pedro Javier Sastre
"Quiborax",Maria Angela Miraz
"Quiborax",Ruth Canora
"Quiborax",Xavier Gallardo
"India Fund, Inc. (The)",Ibon Salguero
"India Fund, Inc. (The)",Anna Marica
"India Fund, Inc. (The)",Amina Coego
"India Fund, Inc. (The)",Brais Estrada
"Gladstone Commercial Corporation",Francesc Xavier Pineda
"Gladstone Commercial Corporation",Maider Juanico
"Gladstone Commercial Corporation",Jose Alberto Estevez
"Gladstone Commercial Corporation",Ana Maria Bartomeu
"Gladstone Commercial Corporation",Didac Gonzalo
"Check-Cap Ltd.",Eusebio Aranda
"Check-Cap Ltd.",Lucia Peula
"Investors Bancorp, Inc.",Venancio Aviles
"Investors Bancorp, Inc.",Jose Ramon Carrasco
"Investors Bancorp, Inc.",Nagore Merelas
"Investors Bancorp, Inc.",Juan Diego Salgado
"MasTec, Inc.",Julen Cordoba
"MasTec, Inc.",Maria Alicia Matache
"MasTec, Inc.",Unai Galvez
"MasTec, Inc.",Genaro Andrade
"Las Pataguas",Maximo Rojo
"Las Pataguas",Idoia Hadi
"Las Pataguas",Isaias Olmo
"Las Luces",Amadeo Latorre
"Las Luces",Malika Cucharero
"Las Luces",Claudio Domingo
"Las Luces",Maria Cruz Miteva
"Las Luces",Fernando Jose Recio
"DRDGOLD Limited",Lara Salon
"DRDGOLD Limited",Virgilio Chamorro
"DRDGOLD Limited",Angel Maria Baena
"Johnson & Johnson",Alexandre Aragon
"Johnson & Johnson",Eulalia Aliaño
"Johnson & Johnson",Jose Manuel Alvarez
"Johnson & Johnson",Maite Irun
"Cosayach - Soledad",Jorge Juan Grande
"Cosayach - Soledad",Aitana Rosaleny
"Cosayach - Soledad",Fabian Solis
"Cosayach - Soledad",Isidora Fabero
"Cosayach - Soledad",Aziz Garzon
"Nuveen Municipal High Income Opportunity Fund",Raimundo Barrios
"Nuveen Municipal High Income Opportunity Fund",Clara Nouri
"Nuveen Municipal High Income Opportunity Fund",Jose Gabriel Morcillo
"Nuveen Municipal High Income Opportunity Fund",Paula Guaza
"Nuveen Municipal High Income Opportunity Fund",Ernesto Valero
"Herman Miller, Inc.",Josu Arranz
"Herman Miller, Inc.",Gemma Betolaza
"Herman Miller, Inc.",Feliciano Villegas
"Herman Miller, Inc.",Ines Maria Revollo
"Herman Miller, Inc.",Miguel Angel Gutierrez
"III de Atacama Kozan",Francisco Manuel Vera
"III de Atacama Kozan",Maria Blanca Tarrats
"III de Atacama Kozan",Demetrio Nicolas
"III de Atacama Kozan",Meritxell Baco
"III de Atacama Kozan",Lluis Plaza
"Fidus Investment Corporation",Manuel Jose Cardenas
"Fidus Investment Corporation",Saray Giol
"Fidus Investment Corporation",Leonardo Corral
"Fidus Investment Corporation",Teresa Jesus Posado
"Fidus Investment Corporation",Bartolome Mateos
"Portola Pharmaceuticals, Inc.",Matilde Linacero
"Portola Pharmaceuticals, Inc.",Khalid Quintero
"Portola Pharmaceuticals, Inc.",Gloria Cidre
"Portola Pharmaceuticals, Inc.",Pedro Jose Luque
"Great Elm Capital Corp.",Constantin Andreu
"Great Elm Capital Corp.",Maria Teresa Verdia
"Great Elm Capital Corp.",Luis Miguel Saez
"Great Elm Capital Corp.",Noemi Ardoy
"Great Elm Capital Corp.",Santiago Santos
"Cordillera - Tenardita",Candido Escobar
"Cordillera - Tenardita",Edgar Leal
"Cordillera - Tenardita",Marina Butragueño
"Cordillera - Tenardita",Evaristo Olivares
"Avenue Therapeutics, Inc.",Feliciano Villegas
"Avenue Therapeutics, Inc.",Maria Blanca Tarrats
"Avenue Therapeutics, Inc.",Abelardo Araujo
"Pullalli",German Camacho
"Pullalli",Inocencia Renes
"Pullalli",Ernesto Valero
"Pullalli",Saray Giol
"Pullalli",Jose Rafael Sainz
"Los Bronces",Nuria Lazcoz
"Los Bronces",Sergio Ramos
"Los Bronces",Malika Cucharero
"Los Bronces",Felix Fuentes
"Pepsico, Inc.",Bilal Jorge
"Pepsico, Inc.",Berta Ungria
"Pepsico, Inc.",Juan Dios Clemente
"Candelaria",Enric Collado
"Candelaria",Maria Olga De Caceres
"Candelaria",Florencio Millan
"Candelaria",Vicenta Lascu
"Candelaria",Rufino Rosa
"West Corporation",Brais Estrada
"West Corporation",Sofia Portes
"West Corporation",Clotilde Oyaga
"West Corporation",Jesus Antonio Herranz
"Pupunahue",Vidal Tejero
"Pupunahue",Estibaliz Pozon
"Pupunahue",Demetrio Nicolas
"Pupunahue",Francesc Xavier Pineda
"Dollar General Corporation",Cesar Arias
"Dollar General Corporation",Basilisa Azam
"Dollar General Corporation",Maria Angela Miraz
"Dollar General Corporation",Viorel Vives
"Bright Scholar Education Holdings Limited",Luis Miguel Saez
"Bright Scholar Education Holdings Limited",Alfonsa Relloso
"Bright Scholar Education Holdings Limited",Antonio Jesus Redondo
"Bright Scholar Education Holdings Limited",Salud Mollo
"Bright Scholar Education Holdings Limited",Juan Pedro Robles
"Zynerba Pharmaceuticals, Inc.",Xabier Montoya
"Zynerba Pharmaceuticals, Inc.",Esther Chaos
"Zynerba Pharmaceuticals, Inc.",Denis Arce
"Zynerba Pharmaceuticals, Inc.",Eulalia Aliaño
"Zynerba Pharmaceuticals, Inc.",Justo Luna
"CMP - Romeral",Alberto Ramirez
"CMP - Romeral",Aida Esparrago
"CMP - Romeral",Jose Javier Silva
"CMP - Romeral",Pilar Bedialauneta
"CMP - Romeral",Gonzalo Nieto
"Pinatolca",Nestor Da Silva
"Pinatolca",Aranzazu Diaconescu
"Pinatolca",Ruben Medina
"Pinatolca",Maximo Rojo
"Cohen & Steers Reit and Preferred Income Fund Inc",Olatz Algara
"Cohen & Steers Reit and Preferred Income Fund Inc",Manuel Rodriguez
"Cohen & Steers Reit and Preferred Income Fund Inc",Maialen Bauset
"B.O.S. Better Online Solutions",Adrian Rubio
"B.O.S. Better Online Solutions",Idoia Hadi
"B.O.S. Better Online Solutions",Gregoria Ugarteburu
"B.O.S. Better Online Solutions",Ferran Marco
"Hamilton Lane Incorporated",Andres Nuñez
"Hamilton Lane Incorporated",Magdalena Chahlal
"Hamilton Lane Incorporated",Nicolas Gimenez
"Hamilton Lane Incorporated",Ascension Bratos
"Hamilton Lane Incorporated",Victor Jose De Miguel
"ENGlobal Corporation",Juan David Dos Santos
"ENGlobal Corporation",Gabriel Vega
"ENGlobal Corporation",Samira Arabaolaza
"ENGlobal Corporation",Pedro Pablo Cobos
"Incyte Corporation",Roger Avila
"Incyte Corporation",Rosana Cimarra
"Incyte Corporation",Jan Pelaez
"Incyte Corporation",Fatima Osle
"Incyte Corporation",Elias Serra
"Westbury Bancorp, Inc.",Mamadou Solano
"Westbury Bancorp, Inc.",Aina Martin Delgado
"Westbury Bancorp, Inc.",Raul Ortiz
"Westbury Bancorp, Inc.",Tamara Valldeperas
"Westbury Bancorp, Inc.",Isaias Olmo
"HD Supply Holdings, Inc.",Antonio Manuel Mateo
"HD Supply Holdings, Inc.",Soraya Rubiños
"HD Supply Holdings, Inc.",Josu Arranz
"HD Supply Holdings, Inc.",Candela Ruiz Hermosa
"HD Supply Holdings, Inc.",Patricio Miralles
"BRF S.A.",Yeray Bonilla
"BRF S.A.",Maria Josefa Justes
"BRF S.A.",Antoni Roca
"BRF S.A.",Felisa Singla
"BRF S.A.",Aitor Vargas
"Zaldívar",Amadeo Latorre
"Zaldívar",Brais Estrada
"Zaldívar",Melchor Lobato
"Aspen Technology, Inc.",Florencio Millan
"Aspen Technology, Inc.",Victoria Akdi
"Aspen Technology, Inc.",Mohammed Carrillo
"Aspen Technology, Inc.",Nerea Niembro
"Aspen Technology, Inc.",Florencio Millan
"Entergy Louisiana, Inc.",Vidal Tejero
"Entergy Louisiana, Inc.",Pastora Almeria
"Entergy Louisiana, Inc.",Ismael Herrero
"Entergy Louisiana, Inc.",Salma Re
"Entergy Louisiana, Inc.",Alexandre Aragon
"Independence Holding Company",Teofilo Ocaña
"Independence Holding Company",Aicha Mecinas
"Independence Holding Company",Jesus Antonio Herranz
"Independence Holding Company",Adelina Lefter
"Independence Holding Company",Fermin Beltran
"Midland States Bancorp, Inc.",Luis Angel Mata
"Midland States Bancorp, Inc.",Pelayo Pazos
"Patriot National Bancorp Inc.",Jairo Villa
"Patriot National Bancorp Inc.",Maria Antonia Niculescu
"Patriot National Bancorp Inc.",Jaime Guerrero
"Patriot National Bancorp Inc.",Maria Julia Mariñelarena
"Talcuna",Jonatan Conde
"Talcuna",Aurora Castellot
"Talcuna",Elizabeth Truchado
"Talcuna",Marc Aguilar
"Blackhawk Network Holdings, Inc.",Fernando Jose Recio
"Blackhawk Network Holdings, Inc.",Clotilde Oyaga
"Blackhawk Network Holdings, Inc.",Guillem Cordero
"Natl Westminster Pfd",Xavier Gallardo
"Natl Westminster Pfd",Gloria Maria Cabalgante
"Natl Westminster Pfd",Antonio Miguel Riera
"Natl Westminster Pfd",Paulina Dorobantu
"Natl Westminster Pfd",Isaias Olmo
"AMC Entertainment Holdings, Inc.",Nicolas Gimenez
"AMC Entertainment Holdings, Inc.",Josep Maria Acosta
"Salesforce.com Inc",Hugo Mora
"Salesforce.com Inc",Sandra Maria Esteruelas
"Salesforce.com Inc",Alfredo Ibañez
"Salesforce.com Inc",Constantin Andreu
"Ocular Therapeutix, Inc.",Juan Miguel Casado
"Ocular Therapeutix, Inc.",Edurne Pica
"Ocular Therapeutix, Inc.",Pedro Manuel Roig
"Hawkins, Inc.",Pedro Miguel Rovira
"Hawkins, Inc.",Jesus Miguel Valenzuela
"Hawkins, Inc.",Leticia Lalwani
"Hawkins, Inc.",Hicham Cuadrado
"Colico Sur",Abdellah Casanova
"Colico Sur",Antonio Francisco Madrid
"Colico Sur",Adela Barberia
"Colico Sur",Jose Luis Perez
"El Peñón",Driss Valdes
"El Peñón",Marco De La Torre
"El Peñón",Dolores Oyanguren
"El Peñón",Isidoro Pons
"CoreSite Realty Corporation",Agustin Flores
"CoreSite Realty Corporation",Veronica Rael
"CoreSite Realty Corporation",Juan Alberto Sala
"CoreSite Realty Corporation",Maria Mar Chelaru
"CoreSite Realty Corporation",Bartolome Mateos
"Western Alliance Bancorporation",Juan Vicente Calero
"Western Alliance Bancorporation",Tamara Valldeperas
"Western Alliance Bancorporation",Edgar Leal
"Western Alliance Bancorporation",Maria Reyes Pare
"Western Alliance Bancorporation",Antonio Maria Lafuente
"Alliance National Municipal Income Fund Inc",Xabier Montoya
"Alliance National Municipal Income Fund Inc",Tomasa Baucells
"Alliance National Municipal Income Fund Inc",Arnau Cuesta
"Alliance National Municipal Income Fund Inc",Rachida Evangelio
"iShares 20+ Year Treasury Bond ETF",Josep Lorenzo
"iShares 20+ Year Treasury Bond ETF",Agueda El Baroudi
"iShares 20+ Year Treasury Bond ETF",Pau Sierra
"iShares 20+ Year Treasury Bond ETF",Helena Gabirondo
"iShares 20+ Year Treasury Bond ETF",Pedro Manuel Roig
"Envision Healthcare Corporation",Marc Aguilar
"Envision Healthcare Corporation",Miriam Zorrozua
"Envision Healthcare Corporation",Jose Ignacio Crespo
"Envision Healthcare Corporation",Merce Alabort
"Envision Healthcare Corporation",Luciano Galindo
"SQM - Pampa Blanca",Lucas Rey
"SQM - Pampa Blanca",Erica Coruña
"SQM - Pampa Blanca",Lucas Rey
"SQM - Pampa Blanca",Ines Maria Revollo
"SQM - Pampa Blanca",Jose Eduardo Piñero
"Lomas Bayas",Agustin Flores
"Lomas Bayas",Maria Sol Andronache
"Lomas Bayas",Patricio Miralles
"Lomas Bayas",Pablo Jose Figueroa
"FairPoint Communications, Inc.",Fabian Solis
"FairPoint Communications, Inc.",Amelia Nodal
"FairPoint Communications, Inc.",Yanira Sanchez Rey
"FairPoint Communications, Inc.",Aquilino Guijarro
"Arlington Asset Investment Corp",Mercedes Mije
"Arlington Asset Investment Corp",Jose Andres Asensio
"Arlington Asset Investment Corp",Sandra Maria Esteruelas
"Arlington Asset Investment Corp",Amador Soria
"Andina",Camilo Ventura
"Andina",Miren Zuriarrain
"Andina",Modesto Polo
"Andina",Antonia Villamañan
"Andina",Ferran Marco
"Celite - Carol",Christian Palacios
"Celite - Carol",Maria Consolacion Villagarcia
"Celite - Carol",Unai Galvez
"Celite - Carol",Irene Herrmann
"Tekla Healthcare Opportunies Fund",Guillem Cordero
"Tekla Healthcare Opportunies Fund",Carlos Alberto Villanueva
"American Homes 4 Rent",Luis Enrique Muñiz
"American Homes 4 Rent",Roser Bayot
"American Homes 4 Rent",Fermin Beltran
"American Homes 4 Rent",Melania Yudego
"American Homes 4 Rent",Modesto Polo
"support.com, Inc.",Luis Javier Carbonell
"support.com, Inc.",Maria Jesus Amezua
"support.com, Inc.",Maria Azucena Hamido
"support.com, Inc.",David Martinez
"Nuveen Floating Rate Income Fund",Yago Alfaro
"Nuveen Floating Rate Income Fund",Yago Alfaro
"Nuveen Floating Rate Income Fund",Ana Cristina Conill
"Hurco Companies, Inc.",Hamid Sole
"Hurco Companies, Inc.",Rosa Ana Hernansaiz
"Hurco Companies, Inc.",Aleix Burgos
"Hurco Companies, Inc.",Maria Rosa Montala
"Hurco Companies, Inc.",Saturnino Chen
"Littelfuse, Inc.",Ariadna Djalo
"Littelfuse, Inc.",Rogelio Arenas
"Littelfuse, Inc.",Marius Fraile
"Kraton Corporation",Hipolito Morillo
"Kraton Corporation",Marta Maria Arillo
"Kraton Corporation",Monserrat Kanoute
"Kraton Corporation",Urbano Pla
"Applied DNA Sciences Inc",Marcial Pinto
"Applied DNA Sciences Inc",Rosa Ana Hernansaiz
"Applied DNA Sciences Inc",Carlos Antonio Salcedo
"Blackstone GSO Long Short Credit Income Fund",Jose Manuel Alvarez
"Blackstone GSO Long Short Credit Income Fund",Avelina Laviana
"Blackstone GSO Long Short Credit Income Fund",Rufina Iso
"Blackstone GSO Long Short Credit Income Fund",Bilal Jorge
"Chegg, Inc.",Omar Abad
"Chegg, Inc.",Estefania Monis
"Chegg, Inc.",Aitor Vargas
"Chegg, Inc.",Judit Dilme
"Chegg, Inc.",Jose Fernando Carrera
"Vectrus, Inc.",Salma Re
"Vectrus, Inc.",Manuel Jesus Andres
"Vectrus, Inc.",Maria Mar Chelaru
"Vectrus, Inc.",Marcel Angulo
"Yahoo! Inc.",Gorka Martos
"Yahoo! Inc.",Micaela Eriksson
"Yahoo! Inc.",Julio Peña
"Yahoo! Inc.",Candida Schulze
"Yahoo! Inc.",Gabriel Vega
"CVS Health Corporation",Benedicta Gil Ortega
"CVS Health Corporation",Aurelio Rico
"CVS Health Corporation",Silvia Dobrev
"Commerce Bancshares, Inc.",Nicolas Gimenez
"Commerce Bancshares, Inc.",Maria Dolors Rina
"Commerce Bancshares, Inc.",Izan Juan
"Commerce Bancshares, Inc.",Justo Luna
"Sarepta Therapeutics, Inc.",Biel Duarte
"Sarepta Therapeutics, Inc.",Sheila Batalle
"Sarepta Therapeutics, Inc.",Saturnino Chen
"Sarepta Therapeutics, Inc.",Pol Costa
"Romeral",Higinio Dorado
"Romeral",Flora Tsvetkov
"Romeral",Iris Rostoll
"Romeral",Oliver Moral
"Texas Pacific Land Trust",Augusto Tena
"Texas Pacific Land Trust",Gregorio Roman
"Texas Pacific Land Trust",Raimundo Barrios
"Esterline Technologies Corporation",Antonio Luis Velazquez
"Esterline Technologies Corporation",Markel Pizarro
"Esterline Technologies Corporation",Otilia Sambola
"Esterline Technologies Corporation",Juan Antonio Ortega
"Silicon Motion Technology Corporation",Saturnino Chen
"Silicon Motion Technology Corporation",Amaya Liriano
"Silicon Motion Technology Corporation",Mustapha Naranjo
"Silicon Motion Technology Corporation",Arantxa Canelles
"Ceragon Networks Ltd.",Sergi Varela
"Ceragon Networks Ltd.",Micaela Eriksson
"Ceragon Networks Ltd.",Damian Valle
"Ceragon Networks Ltd.",Aicha Mecinas
"Ceragon Networks Ltd.",Abdelaziz Velez
"MiMedx Group, Inc",Juan Antonio Ortega
"MiMedx Group, Inc",Guadalupe Lanseros
"MiMedx Group, Inc",Cipriano Barreiro
"MiMedx Group, Inc",Jose Rafael Sainz
"La Pepa",Sandra Abarrategui
"La Pepa",Rachid Barroso
"La Pepa",Beatriz Escarra
"La Pepa",Pau Sierra
"Jerónimo",Juan David Dos Santos
"Jerónimo",Luz Marina Ardao
"Jerónimo",Antonia Maria Leach
"Jerónimo",Roberto Carlos Pino
"Sierra Gorda",Claudio Domingo
"Sierra Gorda",Lara Salon
"Sierra Gorda",Bernardino Palomo
"Sierra Gorda",Ibai Gamez
"Waste Management, Inc.",Peter Olmedo
"Waste Management, Inc.",Melania Yudego
"Waste Management, Inc.",Gonzalo Nieto
"Waste Management, Inc.",Ramon Suarez
"Andes Travertine",Patricio Miralles
"Andes Travertine",Ayoub Moyano
"Andes Travertine",Miriam Zorrozua
"Andes Travertine",Amador Soria
"Eagle Bulk Shipping Inc.",Norberto Galvan
"Eagle Bulk Shipping Inc.",Vicenta Lascu
"Eagle Bulk Shipping Inc.",Karim Criado
"Eagle Bulk Shipping Inc.",Celestina Pegueroles
"Eagle Bulk Shipping Inc.",Gumersindo Pavon
"SQM - Nueva Victoria",Ceferino Alcala
"SQM - Nueva Victoria",Inocencia Renes
"SQM - Nueva Victoria",Muhammad Arevalo
"SQM - Nueva Victoria",Piedad Cabau
"SQM - Nueva Victoria",Manuel Rodriguez
"Dupont Fabros Technology, Inc.",Ion Cuenca
"Dupont Fabros Technology, Inc.",Mihai Vaquero
"Dupont Fabros Technology, Inc.",Felix Fuentes
"Brookfield Global Listed Infrastructure Income Fund",Eugenio Rojas
"Brookfield Global Listed Infrastructure Income Fund",Africa Naim
"Brookfield Global Listed Infrastructure Income Fund",Eloy Aparicio
"Brookfield Global Listed Infrastructure Income Fund",Arantxa Canelles
"Brookfield Global Listed Infrastructure Income Fund",Miguel Angel Gutierrez
"Impax Laboratories, Inc.",Pedro Pablo Cobos
"Impax Laboratories, Inc.",Guadalupe Lanseros
"Impax Laboratories, Inc.",Juan Lopez
"Impax Laboratories, Inc.",Angeles Mañeru
"Everspin Technologies, Inc.",Jose Francisco Velasco
"Everspin Technologies, Inc.",Patricia Baumann
"Everspin Technologies, Inc.",Brian Castellanos
"Ministro Hales",Faustino Murillo
"Ministro Hales",Victor Manuel Pastor
"Ministro Hales",Davinia Linaje
"SQM - Yumbes",Constantino Carretero
"SQM - Yumbes",Driss Valdes
"SQM - Yumbes",Jose Joaquin Barrera
"Nabriva Therapeutics AG",Marcelina Capellades
"Nabriva Therapeutics AG",Daniel Hernandez
"Nabriva Therapeutics AG",Ainhoa Aumente
"Nabriva Therapeutics AG",Francisco Antonio Ramon
"OraSure Technologies, Inc.",Erik Zapata
"OraSure Technologies, Inc.",Maria Nieves Lalana
"Radomiro Tomic",Sebastian Ferrer
"Radomiro Tomic",Juan Bautista Paredes
"Radomiro Tomic",Natividad Carabaño
"Radomiro Tomic",Vasile Ordoñez
"PrimeEnergy Corporation",Jose Jesus Chaves
"PrimeEnergy Corporation",Monica Holt
"PrimeEnergy Corporation",Tania Gangoso
"PrimeEnergy Corporation",Ioan Gimeno
"TICC Capital Corp.",Mikel Pereira
"TICC Capital Corp.",Laila Peyro
"TICC Capital Corp.",Juan Dios Clemente
"TICC Capital Corp.",Elena Tricio
"TICC Capital Corp.",Carlos Antonio Salcedo
"Pinnacle Financial Partners, Inc.",Manuel Jose Cardenas
"Pinnacle Financial Partners, Inc.",Nagore Merelas
"Pinnacle Financial Partners, Inc.",Leandro Caceres
"Pinnacle Financial Partners, Inc.",Delfina Paulet
"Pinnacle Financial Partners, Inc.",Joel Contreras
"HCA Healthcare, Inc.",Hamza Barrio
"HCA Healthcare, Inc.",Maria Concepcion Avellana
"HCA Healthcare, Inc.",Juan Fernando Pena
"HCA Healthcare, Inc.",Maximiliano Amaya
"Kopin Corporation",Maria Prado Tabuyo
"Kopin Corporation",Nil Catalan
"Kopin Corporation",Loreto Urabayen
"Kopin Corporation",Hamza Barrio
"Commercial Vehicle Group, Inc.",Celso Falcon
"Commercial Vehicle Group, Inc.",Leire Crusat
"Commercial Vehicle Group, Inc.",Ruben Medina
"Commercial Vehicle Group, Inc.",Regina Blaj
"Can Can",Alfonso Mendez
"Can Can",Agustina Rodao
"Can Can",Jairo Villa
"Can Can",Elisabet Kausar
"Can Can",Joseba Palma
"The Travelers Companies, Inc.",Juan Ignacio Simon
"The Travelers Companies, Inc.",Gustavo Zamora
"The Travelers Companies, Inc.",Debora Cerron
"BlackRock Municipal Target Term Trust Inc. (The)",Estrella Duñabeitia
"BlackRock Municipal Target Term Trust Inc. (The)",Clemente Vela
"BlackRock Municipal Target Term Trust Inc. (The)",Maria Trinidad Lup
"BlackRock Municipal Target Term Trust Inc. (The)",Pol Costa
"Quebrada Blanca",Pascual Guerra
"Quebrada Blanca",Itziar Gorbea
"CMP - Cerro Negro Norte",Jon Casas
"CMP - Cerro Negro Norte",Rosa Rosino
"CMP - Cerro Negro Norte",Victor Jose De Miguel
"CMP - Cerro Negro Norte",Sheila Batalle
"CMP - Cerro Negro Norte",Iago Singh
"Nuveen Energy MLP Total Return Fund",Tomas Cabrera
"Nuveen Energy MLP Total Return Fund",Irati Perruca
"Nuveen Energy MLP Total Return Fund",Juan Alberto Sala
"Global Partner Acquisition Corp.",Jose Enrique Manzano
"Global Partner Acquisition Corp.",Fabiola Dumbrava
"Global Partner Acquisition Corp.",Jose Ramon Carrasco
"Global Partner Acquisition Corp.",Jose Pedro Huertas
"3M Company",Ion Cuenca
"3M Company",Purificacion Rodriguez Bobada
"3M Company",Jennifer Apostu
"3M Company",Marco De La Torre
"La Productora",Isabel Maria Cotaina
"La Productora",Carlos Ruiz
"La Productora",Visitacion De La Prida
"Cerro Imán",Edgar Leal
"Cerro Imán",Antonio Luis Velazquez
"Cerro Imán",Remedios Caton
"SQM - María Elena",Jose Luis Perez
"SQM - María Elena",Eva Maria Auria
"SQM - María Elena",Serafin De La Cruz
"Biocept, Inc.",Guillermo Campos
"Biocept, Inc.",Pilar Bedialauneta
"Biocept, Inc.",Engracia Tolos
"Cummins Inc.",Marcos Antonio Bartolome
"Cummins Inc.",Diana Matanza
"Cummins Inc.",Ana Rosa Triado
"Cummins Inc.",Juan Gabriel Ferrero
"Arista Networks, Inc.",Basilio Requena
"Arista Networks, Inc.",Maria Cruz Miteva
"Arista Networks, Inc.",Iñaki Blazquez
"ILG, Inc",Aziz Garzon
"ILG, Inc",Silvia Maria Camuña
"ILG, Inc",Ibon Salguero
"ILG, Inc",Maria Encarnacion Bahri
"Lambert",Cristian Hidalgo
"Lambert",Alfonsa Relloso
"Lambert",Jose Rafael Sainz
"Lambert",Macarena Diaz Campo
"Lambert",Ibrahim Paez
"Caleta El Cobre",Jose Francisco Velasco
"Caleta El Cobre",Anabel Rodriguez Peral
"Caleta El Cobre",Angeles Mañeru
"Caleta El Cobre",Jose Enrique Manzano
"Fertón",Ian Alcantara
"Fertón",Magdalena Chahlal
"Fertón",Bonifacio Arjona
"Fertón",Samira Arabaolaza
"Fertón",Juan Andres Saavedra
"Moog Inc.",Feliciano Villegas
"Moog Inc.",Maria Eugenia Corado
"Moog Inc.",Jose Rafael Sainz
"LM Funding America, Inc.",Narciso Ballester
"LM Funding America, Inc.",Paola Maset
"LM Funding America, Inc.",Inocencio Llorens
"LM Funding America, Inc.",Alicia Ariznabarreta
"LM Funding America, Inc.",Octavio Tapia
"PrivateBancorp, Inc.",Mariona Sora
"PrivateBancorp, Inc.",Jaime Guerrero
"PrivateBancorp, Inc.",Emilio Leon
"Coirón",Isabel Maria Cotaina
"Coirón",Eva Sanandres
"Coirón",Said Maldonado
"Microsemi Corporation",Viorel Vives
"Microsemi Corporation",Petra Aomar
"Microsemi Corporation",Joaquim Paz
"Microsemi Corporation",Maria Socorro Meno
"Microsemi Corporation",Jordi Vidal
"Zion Oil & Gas Inc",Dumitru Aznar
"Zion Oil & Gas Inc",Bonifacio Arjona
"Zion Oil & Gas Inc",Adrian Rubio
"Western Refining Logistics, LP",Fabian Solis
"Western Refining Logistics, LP",Maria Estrella Zuheros
"Western Refining Logistics, LP",Ibon Salguero
"Western Refining Logistics, LP",Xabier Montoya
"Sierra Oncology, Inc.",Marco Antonio Tomas
"Sierra Oncology, Inc.",Jesus Antonio Herranz
"Sierra Oncology, Inc.",Isidora Fabero
"Sierra Oncology, Inc.",Jose Luis Perez
"Dos Amigos",Salud Mollo
"Dos Amigos",Damian Valle
"Dos Amigos",Maria Amparo Anguix
"Dos Amigos",Avelino Ojeda
"Abeona Therapeutics Inc.",Driss Valdes
"Abeona Therapeutics Inc.",Noemi Ardoy
"Merus Labs International Inc.",Francisco Manuel Vera
"Merus Labs International Inc.",Ingrid Bonamusa
"Merus Labs International Inc.",Iago Singh
"Merus Labs International Inc.",Maria Josefa Justes
"Merus Labs International Inc.",Borja Lara
"First Trust Multi-Asset Diversified Income Index Fund",Unai Galvez
"First Trust Multi-Asset Diversified Income Index Fund",Alexia Merello
"First Trust Multi-Asset Diversified Income Index Fund",Juan Carlos Serrano
"First Trust Multi-Asset Diversified Income Index Fund",Maite Irun
"Imax Corporation",Lorenza Lizundia
"Imax Corporation",Mario Gallego
"Imax Corporation",Filomena El Mahi
"Imax Corporation",Carlos Alberto Villanueva
"H&R Block, Inc.",Antonio Manuel Mateo
"H&R Block, Inc.",Laura Maria Saladie
"H&R Block, Inc.",Rafaela Mitu
"Northrop Grumman Corporation",Hilario Ayala
"Northrop Grumman Corporation",Lola Sellers
"Northrop Grumman Corporation",Luis Angel Mata
"Northrop Grumman Corporation",Luisa Jaramago
"Northrop Grumman Corporation",John Rebollo
"Diana Shipping inc.",Kevin De La Fuente
"Diana Shipping inc.",Isabel Pelado
"Diana Shipping inc.",Julio Peña
"Diana Shipping inc.",Maria Montserrat Liquete
"Spark Energy, Inc.",Cesareo Cardona
"Spark Energy, Inc.",Maria Auxiliadora De Salas
"Spark Energy, Inc.",Benito Segura
